-- MySQL dump 10.13  Distrib 8.4.7, for Linux (x86_64)
--
-- Host: localhost    Database: jobs
-- ------------------------------------------------------
-- Server version	8.4.7

/*!40101 SET @OLD_CHARACTER_SET_CLIENT=@@CHARACTER_SET_CLIENT */;
/*!40101 SET @OLD_CHARACTER_SET_RESULTS=@@CHARACTER_SET_RESULTS */;
/*!40101 SET @OLD_COLLATION_CONNECTION=@@COLLATION_CONNECTION */;
/*!50503 SET NAMES utf8mb4 */;
/*!40103 SET @OLD_TIME_ZONE=@@TIME_ZONE */;
/*!40103 SET TIME_ZONE='+00:00' */;
/*!40014 SET @OLD_UNIQUE_CHECKS=@@UNIQUE_CHECKS, UNIQUE_CHECKS=0 */;
/*!40014 SET @OLD_FOREIGN_KEY_CHECKS=@@FOREIGN_KEY_CHECKS, FOREIGN_KEY_CHECKS=0 */;
/*!40101 SET @OLD_SQL_MODE=@@SQL_MODE, SQL_MODE='NO_AUTO_VALUE_ON_ZERO' */;
/*!40111 SET @OLD_SQL_NOTES=@@SQL_NOTES, SQL_NOTES=0 */;

--
-- Table structure for table `job_query`
--

DROP TABLE IF EXISTS `job_query`;
/*!40101 SET @saved_cs_client     = @@character_set_client */;
/*!50503 SET character_set_client = utf8mb4 */;
CREATE TABLE `job_query` (
  `query_id` int NOT NULL AUTO_INCREMENT,
  `date_posted` varchar(13) NOT NULL,
  `experience_level` varchar(12) NOT NULL,
  `job_title` varchar(255) NOT NULL,
  `location` varchar(255) NOT NULL,
  `created_at` timestamp NOT NULL DEFAULT CURRENT_TIMESTAMP,
  PRIMARY KEY (`query_id`)
) ENGINE=InnoDB AUTO_INCREMENT=185 DEFAULT CHARSET=latin1;
/*!40101 SET character_set_client = @saved_cs_client */;

--
-- Dumping data for table `job_query`
--

LOCK TABLES `job_query` WRITE;
/*!40000 ALTER TABLE `job_query` DISABLE KEYS */;
INSERT INTO `job_query` VALUES (1,'Past Week','Entry Level','Software Engineer','Remote','2025-10-27 18:31:32'),(2,'Past Week','Entry Level','Quality Assurance Engineer','Remote','2025-10-27 18:31:32'),(3,'Past Week','Entry Level','Frontend Developer','Remote','2025-10-27 18:31:32'),(4,'Past Week','Entry Level','Backend Developer','Remote','2025-10-27 18:31:32'),(5,'Past Week','Entry Level','Data Analyst','Remote','2025-10-27 18:31:32'),(6,'Past 24 Hours','Entry Level','Software Engineer','Remote','2025-10-27 18:31:32'),(7,'Past 24 Hours','Entry Level','Software Developer','Remote','2025-10-27 18:31:32'),(8,'Past 24 Hours','Entry Level','Full-Stack Developer','Remote','2025-10-27 18:31:32'),(9,'Past 24 Hours','Entry Level','Full-Stack Developer','Remote','2025-10-27 18:31:32'),(10,'Past 24 Hours','Entry Level','Web Developer','Remote','2025-10-27 18:31:32'),(11,'Past 24 Hours','Entry Level','Web Developer','Remote','2025-10-27 18:31:32'),(12,'Past 24 Hours','Entry Level','Web Developer','Remote','2025-10-27 18:31:32'),(13,'Past 24 Hours','Entry Level','Software Test Engineer','Remote','2025-10-27 18:39:10'),(14,'Past Week','Entry Level','Software Engineer','Remote','2025-10-27 18:39:27'),(15,'Past 24 Hours','Entry Level','Software Engineer','Remote','2025-10-28 16:32:15'),(16,'Past 24 Hours','Entry Level','Quality Assurance Engineer','Remote','2025-10-28 16:32:37'),(17,'Past 24 Hours','Entry Level','Full-Stack Developer','Remote','2025-10-28 16:32:58'),(18,'Past 24 Hours','Entry Level','Data Analyst','Remote','2025-10-28 16:33:17'),(19,'Past Week','Senior Level','Azure Engineer','Remote','2025-10-28 16:41:09'),(20,'Past 24 Hours','Senior Level','Azure Engineer','Remote','2025-10-28 17:45:17'),(21,'Past 24 Hours','Entry Level','Software Engineer','Remote','2025-10-28 18:10:50'),(28,'Past 24 Hours','Entry Level','Software Engineer','Remote','2025-10-28 19:15:55'),(29,'Past 24 Hours','Entry Level','Software Engineer','Remote','2025-10-29 16:51:49'),(30,'Past 24 Hours','Entry Level','Data Analyst','Remote','2025-10-29 17:03:51'),(31,'Past 24 Hours','Entry Level','Software Engineer','Remote','2025-10-29 18:05:41'),(32,'Past 24 Hours','Entry Level','Software Engineer','Remote','2025-10-30 23:00:32'),(33,'Past 24 Hours','Entry Level','Data Analyst','Remote','2025-10-30 23:12:20'),(34,'Past 24 Hours','Entry Level','Software Test Engineer','Remote','2025-10-31 00:30:16'),(35,'Past 24 Hours','Entry Level','Software Engineer','Remote','2025-10-31 18:24:55'),(36,'Past 24 Hours','Entry Level','Software Engineer','Remote','2025-11-01 17:12:27'),(37,'Past Week','Entry Level','Software Engineer','Remote','2025-11-03 03:11:11'),(38,'Past 24 Hours','Entry Level','Software Engineer','Remote','2025-11-03 19:28:40'),(39,'Past 24 Hours','Entry Level','Quality Assurance Engineer','Remote','2025-11-03 19:30:19'),(40,'Past 24 Hours','Entry Level','Software Engineer','Remote','2025-11-03 23:09:59'),(41,'Past 24 Hours','Entry Level','Software Engineer','Remote','2025-11-04 17:16:22'),(42,'Past 24 Hours','Entry Level','Data Analyst','Remote','2025-11-04 17:42:52'),(43,'Past Week','Entry Level','Software Engineer','Remote','2025-11-04 18:40:53'),(44,'Past 24 Hours','Entry Level','Software Engineer','Remote','2025-11-04 19:40:22'),(45,'Past 24 Hours','Entry Level','Software Engineer','Remote','2025-11-04 19:43:35'),(46,'Past 24 Hours','Entry Level','Software Engineer','Remote','2025-11-04 19:44:52'),(47,'Past 24 Hours','Entry Level','Software Engineer','Remote','2025-11-04 19:47:40'),(48,'Past 24 Hours','Entry Level','Software Engineer','Remote','2025-11-04 19:54:06'),(50,'Past 24 Hours','Entry Level','Software Engineer','Remote','2025-11-04 20:00:28'),(51,'Past 24 Hours','Entry Level','Software Engineer','Remote','2025-11-04 20:04:00'),(52,'Past 24 Hours','Entry Level','Software Engineer','Remote','2025-11-05 01:06:00'),(53,'Past 24 Hours','Entry Level','Software Engineer','Remote','2025-11-05 01:15:56'),(54,'Past 24 Hours','Entry Level','Software Engineer','Remote','2025-11-05 01:16:59'),(55,'Past 24 Hours','Entry Level','Software Engineer','Remote','2025-11-05 01:19:03'),(56,'Past 24 Hours','Entry Level','Software Engineer','Remote','2025-11-05 01:33:04'),(57,'Past 24 Hours','Entry Level','Software Engineer','Remote','2025-11-05 01:35:03'),(58,'Past 24 Hours','Entry Level','Software Engineer','Remote','2025-11-05 02:20:58'),(59,'Past 24 Hours','Entry Level','Software Engineer','Remote','2025-11-05 20:35:09'),(60,'Past 24 Hours','Entry Level','Software Engineer','Remote','2025-11-06 01:10:18'),(61,'Past 24 Hours','Mid Level','Software Engineer','Remote','2025-11-06 01:10:54'),(62,'Past 24 Hours','Entry Level','Quality Assurance Engineer','Remote','2025-11-06 01:16:50'),(63,'Past 24 Hours','Entry Level','Software Engineer','Remote','2025-11-06 01:19:43'),(64,'Past 24 Hours','Entry Level','Software Engineer','Remote','2025-11-06 01:20:00'),(65,'Past 24 Hours','Entry Level','Software Engineer','Remote','2025-11-06 01:20:45'),(66,'Past 24 Hours','Entry Level','Software Engineer','Remote','2025-11-06 01:24:18'),(67,'Past 24 Hours','Entry Level','Software Engineer','Remote','2025-11-06 01:25:29'),(68,'Past 24 Hours','Entry Level','Data Analyst','Remote','2025-11-06 01:26:11'),(69,'Past 24 Hours','Entry Level','Automation Engineer','Remote','2025-11-06 01:26:35'),(70,'Past 24 Hours','Entry Level','Software Engineer','Remote','2025-11-06 20:18:13'),(71,'Past 24 Hours','Entry Level','Software Engineer','Remote','2025-11-07 02:18:47'),(72,'Past 24 Hours','Entry Level','Quality Assurance Engineer','Remote','2025-11-07 02:19:09'),(73,'Past 24 Hours','Entry Level','Data Analyst','Remote','2025-11-07 02:19:20'),(74,'Past 24 Hours','Entry Level','Software Engineer','Remote','2025-11-07 19:04:36'),(75,'Past 24 Hours','Entry Level','Software Engineer','Remote','2025-11-08 00:37:56'),(76,'Past 24 Hours','Entry Level','Data Analyst','Remote','2025-11-08 00:41:27'),(86,'Past Week','Entry Level','Software Engineer','Remote','2025-11-09 17:14:55'),(87,'Past 24 Hours','Entry Level','Software Engineer','Remote','2025-11-10 17:32:20'),(88,'Past Week','Entry Level','Software Engineer','Remote','2025-11-10 17:32:40'),(89,'Past 24 Hours','Entry Level','Software Engineer','Remote','2025-11-10 18:37:20'),(90,'Past 24 Hours','Entry Level','Data Analyst','Remote','2025-11-10 18:40:31'),(91,'Past 24 Hours','Entry Level','nurse','Remote','2025-11-10 18:40:47'),(92,'Past 24 Hours','Entry Level','Software Engineer','Remote','2025-11-10 19:17:33'),(93,'Past 24 Hours','Entry Level','Software Engineer','Remote','2025-11-11 00:01:29'),(94,'Past 24 Hours','Entry Level','Software Engineer','Remote','2025-11-11 19:06:22'),(95,'Past 24 Hours','Entry Level','Data Analyst','Remote','2025-11-11 19:19:09'),(96,'Past 24 Hours','Entry Level','Software Engineer','Remote','2025-11-11 23:14:46'),(97,'Past 24 Hours','Entry Level','Software Engineer','Remote','2025-11-12 00:16:35'),(98,'Past 24 Hours','Entry Level','Software Engineer','Remote','2025-11-12 00:16:39'),(99,'Past 24 Hours','Entry Level','Software Engineer','Remote','2025-11-12 00:20:49'),(100,'Past 24 Hours','Entry Level','Software Engineer','Remote','2025-11-12 00:28:07'),(101,'Past 24 Hours','Entry Level','Software Engineer','Remote','2025-11-12 00:29:51'),(102,'Past 24 Hours','Entry Level','Software Engineer','Remote','2025-11-12 00:31:03'),(103,'Past Week','Entry Level','Software Engineer','Remote','2025-11-12 00:32:10'),(104,'Past 24 Hours','Entry Level','Data Analyst','Remote','2025-11-12 01:36:23'),(105,'Past 24 Hours','Entry Level','Data Analyst','Remote','2025-11-12 01:39:25'),(106,'Past 24 Hours','Entry Level','Data Analyst','Remote','2025-11-12 01:52:06'),(107,'Past 24 Hours','Entry Level','Data Analyst','Remote','2025-11-12 01:55:02'),(108,'Past 24 Hours','Entry Level','Data Analyst','Remote','2025-11-12 02:01:48'),(109,'Past 24 Hours','Entry Level','Software Engineer','Remote','2025-11-12 02:02:45'),(110,'Past Week','Entry Level','Software Engineer','Remote','2025-11-12 02:03:00'),(111,'Past 24 Hours','Entry Level','Software Engineer','Remote','2025-11-12 02:04:10'),(112,'Past Week','Entry Level','Software Engineer','Remote','2025-11-12 02:04:22'),(113,'Past Week','Entry Level','Software Engineer','Remote','2025-11-12 02:13:09'),(114,'Past Week','Entry Level','Software Engineer','Remote','2025-11-12 02:16:23'),(115,'Past 24 Hours','Entry Level','Software Engineer','Remote','2025-11-12 04:20:33'),(116,'Past 24 Hours','Entry Level','Software Engineer','Remote','2025-11-12 04:21:23'),(117,'Past 24 Hours','Entry Level','Software Engineer','Remote','2025-11-12 04:24:54'),(118,'Past 24 Hours','Entry Level','Software Engineer','Remote','2025-11-12 05:13:47'),(119,'Past 24 Hours','Entry Level','Software Engineer','Remote','2025-11-12 17:35:09'),(120,'Past Week','Entry Level','Software Engineer','Remote','2025-11-12 17:47:28'),(121,'Past Week','Entry Level','Software Engineer','Remote','2025-11-12 17:49:10'),(122,'Past Week','Entry Level','Software Engineer','Remote','2025-11-12 17:51:24'),(123,'Past 24 Hours','Entry Level','Software Engineer','Remote','2025-11-12 18:17:50'),(124,'Past 24 Hours','Entry Level','Software Engineer','Remote','2025-11-12 18:18:52'),(125,'Past 24 Hours','Entry Level','Software Engineer','Remote','2025-11-12 18:22:19'),(126,'Past 24 Hours','Entry Level','Software Engineer','Remote','2025-11-12 18:26:44'),(127,'Past 24 Hours','Entry Level','Software Engineer','Remote','2025-11-12 18:29:00'),(128,'Past 24 Hours','Entry Level','Software Engineer','Remote','2025-11-12 18:30:19'),(129,'Past 24 Hours','Entry Level','Software Engineer','Remote','2025-11-12 18:30:59'),(130,'Past 24 Hours','Entry Level','Software Engineer','Remote','2025-11-12 18:34:22'),(131,'Past 24 Hours','Entry Level','Software Engineer','Remote','2025-11-12 18:38:37'),(132,'Past 24 Hours','Entry Level','Software Engineer','Remote','2025-11-12 18:41:54'),(133,'Past 24 Hours','Entry Level','Software Engineer','Remote','2025-11-12 18:42:37'),(134,'Past 24 Hours','Entry Level','Software Engineer','Remote','2025-11-12 18:48:09'),(135,'Past 24 Hours','Entry Level','Software Engineer','Remote','2025-11-12 18:49:36'),(136,'Past 24 Hours','Entry Level','Software Engineer','Remote','2025-11-12 18:52:53'),(137,'Past 24 Hours','Entry Level','Software Engineer','Remote','2025-11-12 18:57:43'),(138,'Past 24 Hours','Entry Level','Software Engineer','Remote','2025-11-12 18:58:31'),(139,'Past 24 Hours','Entry Level','Software Engineer','Remote','2025-11-12 19:03:06'),(140,'Past 24 Hours','Entry Level','Software Engineer','Remote','2025-11-12 20:31:27'),(141,'Past 3 Days','Entry Level','Software Engineer','Remote','2025-11-12 20:33:49'),(142,'Past 3 Days','Entry Level','Software Engineer','Remote','2025-11-13 20:45:09'),(143,'Past 3 Days','Entry Level','Software Engineer','Remote','2025-11-13 23:44:56'),(144,'Past 3 Days','Entry Level','Software Engineer','Remote','2025-11-13 23:52:08'),(145,'Past 24 Hours','Entry Level','Software Engineer','Remote','2025-11-13 23:56:20'),(146,'Past 24 Hours','Entry Level','Software Engineer','Remote','2025-11-14 00:12:03'),(147,'Past 24 Hours','Entry Level','Software Engineer','Remote','2025-11-14 00:31:11'),(148,'Past 24 Hours','Entry Level','Software Engineer','Remote','2025-11-14 00:52:54'),(149,'Past 24 Hours','Entry Level','Software Engineer','Remote','2025-11-14 00:58:53'),(150,'Past 24 Hours','Entry Level','Software Engineer','Remote','2025-11-14 01:02:01'),(151,'Past 24 Hours','Entry Level','Software Engineer','Remote','2025-11-14 01:33:43'),(152,'Past 24 Hours','Entry Level','Software Engineer','Remote','2025-11-14 02:13:36'),(153,'Past 24 Hours','Entry Level','Software Engineer','Remote','2025-11-14 04:55:23'),(154,'Past 24 Hours','Entry Level','Software Engineer','Remote','2025-11-14 05:12:26'),(155,'Past 24 Hours','Entry Level','Software Engineer','Remote','2025-11-14 18:44:59'),(156,'Past 24 Hours','Entry Level','Software Engineer','Remote','2025-11-14 19:01:56'),(157,'Past 24 Hours','Entry Level','Software Engineer','Remote','2025-11-14 19:11:36'),(159,'Past 24 Hours','Entry Level','Software Engineer','Remote','2025-11-14 19:20:14'),(160,'Past 24 Hours','Entry Level','Software Engineer','Remote','2025-11-14 19:29:35'),(161,'Past 24 Hours','Entry Level','Software Engineer','Remote','2025-11-14 19:30:56'),(162,'Past 24 Hours','Entry Level','Software Engineer','Remote','2025-11-14 19:39:44'),(163,'Past 24 Hours','Entry Level','Software Engineer','Remote','2025-11-14 19:42:27'),(164,'Past 24 Hours','Senior Level','azure cloud','Remote','2025-11-14 19:55:07'),(165,'Past 24 Hours','Senior Level','azure cloud','Remote','2025-11-14 19:57:09'),(166,'Past 24 Hours','Entry Level','Software Engineer','Remote','2025-11-14 19:58:30'),(167,'Past 24 Hours','Entry Level','Software Engineer','Remote','2025-11-15 00:28:45'),(168,'Past 24 Hours','Entry Level','Software Engineer','Remote','2025-11-15 00:32:05'),(169,'Past 24 Hours','Entry Level','Software Engineer','Remote','2025-11-15 00:34:57'),(170,'Past 24 Hours','Entry Level','Software Engineer','Remote','2025-11-15 00:38:51'),(171,'Past 24 Hours','Entry Level','Software Engineer','Remote','2025-11-15 00:45:05'),(172,'Past 24 Hours','Entry Level','Software Engineer','Remote','2025-11-15 00:46:08'),(173,'Past 24 Hours','Entry Level','Software Engineer','Remote','2025-11-15 00:52:24'),(174,'Past 24 Hours','Entry Level','Software Engineer','Remote','2025-11-15 00:53:37'),(175,'Past 24 Hours','Entry Level','Software Engineer','Remote','2025-11-15 00:54:53'),(176,'Past 24 Hours','Entry Level','Software Engineer','Remote','2025-11-15 01:00:04'),(177,'Past 24 Hours','Entry Level','Software Engineer','Remote','2025-11-15 01:01:06'),(178,'Past 24 Hours','Entry Level','Software Engineer','Remote','2025-11-15 01:06:42'),(179,'Past Month','Entry Level','Software Engineer','Remote','2025-11-15 01:07:06'),(180,'Past 24 Hours','Entry Level','Software Engineer','Remote','2025-11-15 01:09:34'),(181,'Past 3 Days','Entry Level','Software Engineer','Remote','2025-11-15 01:10:37'),(182,'Past Month','Entry Level','Software Engineer','Remote','2025-11-15 01:21:24'),(183,'Past 24 Hours','Entry Level','Software Engineer','Remote','2025-11-15 01:25:50'),(184,'Past 24 Hours','Entry Level','software developer','Remote','2025-11-15 02:24:19');
/*!40000 ALTER TABLE `job_query` ENABLE KEYS */;
UNLOCK TABLES;

--
-- Table structure for table `jobs`
--

DROP TABLE IF EXISTS `jobs`;
/*!40101 SET @saved_cs_client     = @@character_set_client */;
/*!50503 SET character_set_client = utf8mb4 */;
CREATE TABLE `jobs` (
  `job_id` int NOT NULL AUTO_INCREMENT,
  `JobTitle` varchar(255) CHARACTER SET utf8mb4 COLLATE utf8mb4_unicode_ci NOT NULL,
  `Company` varchar(255) CHARACTER SET utf8mb4 COLLATE utf8mb4_unicode_ci NOT NULL,
  `Location` varchar(255) CHARACTER SET utf8mb4 COLLATE utf8mb4_unicode_ci NOT NULL,
  `URL` varchar(500) CHARACTER SET utf8mb4 COLLATE utf8mb4_unicode_ci NOT NULL,
  `Status` enum('New','Applied','Ignored') CHARACTER SET utf8mb4 COLLATE utf8mb4_unicode_ci NOT NULL DEFAULT 'New',
  `DateFound` date NOT NULL,
  `created_at` timestamp NOT NULL DEFAULT CURRENT_TIMESTAMP,
  `updated_at` timestamp NOT NULL DEFAULT CURRENT_TIMESTAMP ON UPDATE CURRENT_TIMESTAMP,
  `scrape_session_id` int DEFAULT NULL,
  `Salary` varchar(255) CHARACTER SET utf8mb4 COLLATE utf8mb4_unicode_ci DEFAULT NULL,
  `user_email` varchar(255) COLLATE utf8mb4_unicode_ci DEFAULT NULL,
  `job_score` float DEFAULT NULL,
  PRIMARY KEY (`job_id`),
  UNIQUE KEY `uq_job_user_url` (`URL`,`user_email`),
  KEY `fk_job_session` (`scrape_session_id`),
  CONSTRAINT `fk_job_session` FOREIGN KEY (`scrape_session_id`) REFERENCES `scrape_sessions` (`scrape_session_id`) ON DELETE CASCADE
) ENGINE=InnoDB AUTO_INCREMENT=384 DEFAULT CHARSET=utf8mb4 COLLATE=utf8mb4_unicode_ci;
/*!40101 SET character_set_client = @saved_cs_client */;

--
-- Dumping data for table `jobs`
--

LOCK TABLES `jobs` WRITE;
/*!40000 ALTER TABLE `jobs` DISABLE KEYS */;
INSERT INTO `jobs` VALUES (1,'Junior Software Engineer','CACI International','Remote','https://hiring.cafe/viewjob/9aq7fo0pu13o08mw','Ignored','2025-10-25','2025-10-27 18:31:33','2025-11-05 23:44:17',NULL,NULL,'rwdorrington@gmail.com',NULL),(2,'Software Engineer, WFM Product Development','Blue Yonder','Remote','https://hiring.cafe/viewjob/xhxt3xjms3krs45e','Ignored','2025-10-25','2025-10-27 18:31:33','2025-11-05 23:44:17',NULL,NULL,'rwdorrington@gmail.com',NULL),(3,'Software Developer','Higher Logic','Remote','https://hiring.cafe/viewjob/9e51r03mz9jo9rq0','Applied','2025-10-25','2025-10-27 18:31:33','2025-11-05 23:44:17',NULL,NULL,'rwdorrington@gmail.com',NULL),(4,'Software Test Engineer','Legalshieldcorp','Remote','https://hiring.cafe/viewjob/1utevebekzd3tgj7','Applied','2025-10-25','2025-10-27 18:31:33','2025-11-05 23:44:17',NULL,NULL,'rwdorrington@gmail.com',NULL),(5,'Junior Software Engineer','Pear Suite','Remote','https://hiring.cafe/viewjob/4d7ivb57uiwb6usi','Ignored','2025-10-25','2025-10-27 18:31:33','2025-11-05 23:44:17',NULL,NULL,'rwdorrington@gmail.com',NULL),(6,'Software Engineer, Fandango','NBCUniversal','Remote','https://hiring.cafe/viewjob/ovq2iauf3tkexihr','Applied','2025-10-25','2025-10-27 18:31:33','2025-11-05 23:44:17',NULL,NULL,'rwdorrington@gmail.com',NULL),(7,'Software Engineer I, Reliability Engineering','Home Depot','Remote','https://hiring.cafe/viewjob/txn7p91yaux2atx7','Applied','2025-10-25','2025-10-27 18:31:33','2025-11-05 23:44:17',NULL,NULL,'rwdorrington@gmail.com',NULL),(8,'Software Engineer, New Grad','AtoB','Remote','https://hiring.cafe/viewjob/btywcouftd7d3dun','Ignored','2025-10-25','2025-10-27 18:31:33','2025-11-05 23:44:17',NULL,NULL,'rwdorrington@gmail.com',NULL),(9,'Software Engineer Internship (4 openings)','Clerkie','Remote','https://hiring.cafe/viewjob/tceqdbck5ogq2a1b','Applied','2025-10-25','2025-10-27 18:31:33','2025-11-05 23:44:17',NULL,NULL,'rwdorrington@gmail.com',NULL),(10,'Software Engineer (Only Open to On-Campus Recruiting Candidates)','Transcend','Remote','https://hiring.cafe/viewjob/mc0wsv3d537r8tq5','Ignored','2025-10-25','2025-10-27 18:31:33','2025-11-05 23:44:17',NULL,NULL,'rwdorrington@gmail.com',NULL),(11,'CIAM Software Engineer','Humana','Remote','https://hiring.cafe/viewjob/euazxs75bp70fod2','Ignored','2025-10-25','2025-10-27 18:31:33','2025-11-05 23:44:17',NULL,NULL,'rwdorrington@gmail.com',NULL),(12,'Junior Software Engineer (Remote)','KBR','Remote','https://hiring.cafe/viewjob/nw4kc6bniyymhtqo','Applied','2025-10-25','2025-10-27 18:31:33','2025-11-05 23:44:17',NULL,NULL,'rwdorrington@gmail.com',NULL),(13,'Sumer 2026 Software Engineer Graduate Intern','Highmark Health and Allegheny Health Network','Remote','https://hiring.cafe/viewjob/k0yeyg334ycn1eed','Applied','2025-10-25','2025-10-27 18:31:33','2025-11-05 23:44:17',NULL,NULL,'rwdorrington@gmail.com',NULL),(14,'AI Software Engineer (Early Career)','Ursa Space Systems','Remote','https://hiring.cafe/viewjob/fexnkpzft5yf72uy','Ignored','2025-10-25','2025-10-27 18:31:33','2025-11-05 23:44:17',NULL,NULL,'rwdorrington@gmail.com',NULL),(15,'Associate Software Engineer, DevOps','Integral Ad Science','Remote','https://hiring.cafe/viewjob/t4whp4qqnzok25i9','Ignored','2025-10-25','2025-10-27 18:31:33','2025-11-05 23:44:17',NULL,NULL,'rwdorrington@gmail.com',NULL),(16,'Intern - Software Engineer (Graduate Students Only)','WEX','Remote','https://hiring.cafe/viewjob/atghj8s09burqrba','Applied','2025-10-25','2025-10-27 18:31:33','2025-11-05 23:44:17',NULL,NULL,'rwdorrington@gmail.com',NULL),(17,'Central Paradigm Engineer','Internal Cypress Automated Testing Co','Remote','https://hiring.cafe/viewjob/hc9s4eazvvfl3o4p','Applied','2025-10-25','2025-10-27 18:31:33','2025-11-05 23:44:17',NULL,NULL,'rwdorrington@gmail.com',NULL),(18,'UI Engineer I','DigitalOcean','Remote','https://hiring.cafe/viewjob/uzhd4lon4p74etpz','Applied','2025-10-25','2025-10-27 18:31:33','2025-11-05 23:44:17',NULL,NULL,'rwdorrington@gmail.com',NULL),(19,'Commence - Junior Machine Learning Engineer','Commence','Remote','https://hiring.cafe/viewjob/9ndfnwzrmry0l2k1','Ignored','2025-10-25','2025-10-27 18:31:33','2025-11-05 23:44:17',NULL,NULL,'rwdorrington@gmail.com',NULL),(20,'Full Stack Engineer - Early Career','Glide','Remote','https://hiring.cafe/viewjob/x3ilatcd0zw14fj2','Ignored','2025-10-25','2025-10-27 18:31:33','2025-11-05 23:44:17',NULL,NULL,'rwdorrington@gmail.com',NULL),(21,'SWE Conference 2025','Verdantas','Remote','https://hiring.cafe/viewjob/73003afoe36npr4v','Ignored','2025-10-25','2025-10-27 18:31:33','2025-11-05 23:44:17',NULL,NULL,'rwdorrington@gmail.com',NULL),(22,'Associate Product Engineer','North American Bancard','Remote','https://hiring.cafe/viewjob/2b00ehr1l7cjkknq','Ignored','2025-10-25','2025-10-27 18:31:33','2025-11-05 23:44:17',NULL,NULL,'rwdorrington@gmail.com',NULL),(23,'SW Engineer Intern','General Dynamics Mission Systems','Remote','https://hiring.cafe/viewjob/0pdv9da5lpgl9asq','Applied','2025-10-25','2025-10-27 18:31:33','2025-11-05 23:44:17',NULL,NULL,'rwdorrington@gmail.com',NULL),(24,'Associate AI/ML Full-Stack Engineer','Lockheed Martin','Remote','https://hiring.cafe/viewjob/b0f06ztbgrexv1gx','Applied','2025-10-25','2025-10-27 18:31:33','2025-11-05 23:44:17',NULL,NULL,'rwdorrington@gmail.com',NULL),(25,'Intelligent Automation Engineer (entry level)','Harbor Compliance','Remote','https://hiring.cafe/viewjob/21cmu34nsr4j9s44','Applied','2025-10-25','2025-10-27 18:31:33','2025-11-05 23:44:17',NULL,NULL,'rwdorrington@gmail.com',NULL),(26,'Freelance GenAI Developer - Prompt Engineering & Data Workflows','Mindrift','Remote','https://hiring.cafe/viewjob/j9c2p4o7vdk8hu6k','Ignored','2025-10-25','2025-10-27 18:31:33','2025-11-05 23:44:17',NULL,NULL,'rwdorrington@gmail.com',NULL),(27,'Full Stack Developer Intern - Certification Management Platform','Vertex','Remote','https://hiring.cafe/viewjob/2l3cmp59t02pv7bv','Applied','2025-10-25','2025-10-27 18:31:33','2025-11-05 23:44:17',NULL,NULL,'rwdorrington@gmail.com',NULL),(28,'VIE - Solutions Engineer','Gladia','Remote','https://hiring.cafe/viewjob/jffkcr5rk86os8s9','Ignored','2025-10-25','2025-10-27 18:31:33','2025-11-05 23:44:17',NULL,NULL,'rwdorrington@gmail.com',NULL),(29,'RPA Developer','Navigant','Remote','https://hiring.cafe/viewjob/8zjrv3a4bj9yk09j','Applied','2025-10-25','2025-10-27 18:31:33','2025-11-05 23:44:17',NULL,NULL,'rwdorrington@gmail.com',NULL),(30,'ML Engineer Summer Intern (Remote & Paid)','Experian','Remote','https://hiring.cafe/viewjob/u4ucbpsu8wt851c5','Ignored','2025-10-25','2025-10-27 18:31:33','2025-11-05 23:44:17',NULL,NULL,'rwdorrington@gmail.com',NULL),(31,'Junior Web Developer','Firegang Dental Marketing','Remote','https://hiring.cafe/viewjob/fxblk1i2aql9ouqq','Applied','2025-10-25','2025-10-27 18:31:33','2025-11-05 23:44:17',NULL,NULL,'rwdorrington@gmail.com',NULL),(32,'ML Engineer - Automated Scorer','Pearson','Remote','https://hiring.cafe/viewjob/ogr4kg53bqn19ert','Ignored','2025-10-25','2025-10-27 18:31:33','2025-11-05 23:44:17',NULL,NULL,'rwdorrington@gmail.com',NULL),(33,'AI Developer Intern','Monolithic Power Systems','Remote','https://hiring.cafe/viewjob/9iglw77oelpn1y40','Ignored','2025-10-25','2025-10-27 18:31:33','2025-11-05 23:44:17',NULL,NULL,'rwdorrington@gmail.com',NULL),(34,'Full Stack Developer','Bisnow','Remote','https://hiring.cafe/viewjob/qsz07zh9godj6rrm','Applied','2025-10-25','2025-10-27 18:31:33','2025-11-05 23:44:17',NULL,NULL,'rwdorrington@gmail.com',NULL),(35,'Entry-level Automation Testing Engineer','Cognizant Technology Solutions','Remote','https://hiring.cafe/viewjob/klujmunnq5ku418x','Applied','2025-10-25','2025-10-27 18:31:33','2025-11-05 23:44:17',NULL,NULL,'rwdorrington@gmail.com',NULL),(36,'Junior Test Automation Engineer','Vultr','Remote','https://hiring.cafe/viewjob/j0m4rbn3fospw02n','Applied','2025-10-25','2025-10-27 18:31:33','2025-11-05 23:44:17',NULL,NULL,'rwdorrington@gmail.com',NULL),(37,'LOGC2 - Salesforce Developer I','LOGC2','Remote','https://hiring.cafe/viewjob/y1n928gxya8ewkq8','Ignored','2025-10-25','2025-10-27 18:31:33','2025-11-05 23:44:17',NULL,NULL,'rwdorrington@gmail.com',NULL),(38,'Front-end Developer Intern','Wind Harvest International, Inc.','Remote','https://hiring.cafe/viewjob/u9mveykcesg06bhy','Applied','2025-10-25','2025-10-27 18:31:33','2025-11-05 23:44:17',NULL,NULL,'rwdorrington@gmail.com',NULL),(39,'CX AI Solution Engineer - Academy','NICE','Remote','https://hiring.cafe/viewjob/1zf7rgo3gym7dt29','Applied','2025-10-25','2025-10-27 18:31:33','2025-11-05 23:44:17',NULL,NULL,'rwdorrington@gmail.com',NULL),(40,'Sales Engineer I, SE Desk ET','Samsara','Remote','https://hiring.cafe/viewjob/syk38mj6461a5am6','Applied','2025-10-25','2025-10-27 18:31:33','2025-11-05 23:44:17',NULL,NULL,'rwdorrington@gmail.com',NULL),(42,'FULL STACK DEVELOPER - Junior Level','Impyrian','Remote','https://hiring.cafe/viewjob/a68haqyirfxgnif7','Applied','2025-10-25','2025-10-27 18:31:33','2025-11-05 23:44:17',NULL,NULL,'rwdorrington@gmail.com',NULL),(43,'BI & Data Analyst - Product Management','Particle Research Limited','Remote','https://hiring.cafe/viewjob/xpdjca1m4ofax7kt','Applied','2025-10-25','2025-10-27 18:31:33','2025-11-05 23:44:17',NULL,NULL,'rwdorrington@gmail.com',NULL),(44,'Data Analyst Internship','ConnectPrep','Remote','https://hiring.cafe/viewjob/xm8c2j6zmpdk30zg','Ignored','2025-10-25','2025-10-27 18:31:33','2025-11-05 23:44:17',NULL,NULL,'rwdorrington@gmail.com',NULL),(45,'Associate Data Analyst','Acxiom','Remote','https://hiring.cafe/viewjob/b8ja13hf729wtt2l','Ignored','2025-10-25','2025-10-27 18:31:33','2025-11-05 23:44:17',NULL,NULL,'rwdorrington@gmail.com',NULL),(46,'Junior Survey Data Analyst','BioNews','Remote','https://hiring.cafe/viewjob/p0hrxvrzkw12vvz9','Ignored','2025-10-25','2025-10-27 18:31:33','2025-11-05 23:44:17',NULL,NULL,'rwdorrington@gmail.com',NULL),(47,'Research Data Analyst II','AdventHealth','Remote','https://hiring.cafe/viewjob/wzdl98zsqc0k5kbs','Applied','2025-10-25','2025-10-27 18:31:33','2025-11-05 23:44:17',NULL,NULL,'rwdorrington@gmail.com',NULL),(48,'PBM Data Analyst I','MedImpact Healthcare Systems','Remote','https://hiring.cafe/viewjob/abm832a62yrkc824','Ignored','2025-10-25','2025-10-27 18:31:33','2025-11-05 23:44:17',NULL,NULL,'rwdorrington@gmail.com',NULL),(49,'Associate, Marketing Data Analyst, Analytics','Humana','Remote','https://hiring.cafe/viewjob/apmypb7p7mss59te','Ignored','2025-10-25','2025-10-27 18:31:33','2025-11-05 23:44:17',NULL,NULL,'rwdorrington@gmail.com',NULL),(50,'Data Analyst - Remote','CapRelo','Remote','https://hiring.cafe/viewjob/mft4dgqxad3k2opm','Applied','2025-10-25','2025-10-27 18:31:33','2025-11-05 23:44:17',NULL,NULL,'rwdorrington@gmail.com',NULL),(51,'Market Data on Demand Analyst','OneMarketData','Remote','https://hiring.cafe/viewjob/xsanui725a1taqhz','Applied','2025-10-25','2025-10-27 18:31:33','2025-11-05 23:44:17',NULL,NULL,'rwdorrington@gmail.com',NULL),(52,'Data Analyst I Healthcare Analytics','Centene','Remote','https://hiring.cafe/viewjob/livhqgygku3pnrz0','Ignored','2025-10-25','2025-10-27 18:31:33','2025-11-05 23:44:17',NULL,NULL,'rwdorrington@gmail.com',NULL),(53,'Analyst, Analytics & Reporting','RKD Group','Remote','https://hiring.cafe/viewjob/2kk0shiul6cxn6d9','Ignored','2025-10-25','2025-10-27 18:31:33','2025-11-05 23:44:17',NULL,NULL,'rwdorrington@gmail.com',NULL),(54,'Metadata Analyst','Analytica','Remote','https://hiring.cafe/viewjob/wkbwe53rs98vv7jm','Applied','2025-10-25','2025-10-27 18:31:33','2025-11-05 23:44:17',NULL,NULL,'rwdorrington@gmail.com',NULL),(55,'Analyst','Econ One Research','Remote','https://hiring.cafe/viewjob/k0uy5ao9ow4m8b8z','Ignored','2025-10-25','2025-10-27 18:31:33','2025-11-05 23:44:17',NULL,NULL,'rwdorrington@gmail.com',NULL),(56,'Analyst I - Data Governance','Employers Holdings','Remote','https://hiring.cafe/viewjob/i7gbr60qolryloeo','Ignored','2025-10-25','2025-10-27 18:31:33','2025-11-05 23:44:17',NULL,NULL,'rwdorrington@gmail.com',NULL),(57,'Building Energy Analyst (Entry Level)','McKinstry','Remote','https://hiring.cafe/viewjob/fwny8py1ahdt4umd','Applied','2025-10-25','2025-10-27 18:31:33','2025-11-05 23:44:17',NULL,NULL,'rwdorrington@gmail.com',NULL),(58,'Global Factors Analyst','Internal Cypress Automated Testing Co','Remote','https://hiring.cafe/viewjob/y4ac0czuegsm2gjr','Ignored','2025-10-25','2025-10-27 18:31:33','2025-11-05 23:44:17',NULL,NULL,'rwdorrington@gmail.com',NULL),(59,'Actuarial Analyst (658822)','Johns Hopkins Medicine','Remote','https://hiring.cafe/viewjob/kfhk15dje8emnh8c','Ignored','2025-10-25','2025-10-27 18:31:33','2025-11-05 23:44:17',NULL,NULL,'rwdorrington@gmail.com',NULL),(60,'Medical Economics Analyst','Zing Health','Remote','https://hiring.cafe/viewjob/iw3sydho4vss6bs9','Ignored','2025-10-25','2025-10-27 18:31:33','2025-11-05 23:44:17',NULL,NULL,'rwdorrington@gmail.com',NULL),(61,'Permitting Analyst (Contract)','Blumen','Remote','https://hiring.cafe/viewjob/vjx0dpj7b50a3hqj','Ignored','2025-10-25','2025-10-27 18:31:33','2025-11-05 23:44:17',NULL,NULL,'rwdorrington@gmail.com',NULL),(62,'Sales Operations Analyst','Dealer Tire','Remote','https://hiring.cafe/viewjob/gs2vyeq3gv9ybme3','Applied','2025-10-25','2025-10-27 18:31:33','2025-11-05 23:44:17',NULL,NULL,'rwdorrington@gmail.com',NULL),(63,'Address Reconciliation Analyst','pureIntegration','Remote','https://hiring.cafe/viewjob/dm8eoyc9kvxbzz9k','Applied','2025-10-25','2025-10-27 18:31:33','2025-11-05 23:44:17',NULL,NULL,'rwdorrington@gmail.com',NULL),(64,'Healthcare Automation - Analyst I','Navigant','Remote','https://hiring.cafe/viewjob/u3ckdc0cj5lx6brx','Ignored','2025-10-25','2025-10-27 18:31:33','2025-11-05 23:44:17',NULL,NULL,'rwdorrington@gmail.com',NULL),(65,'Associate Revenue Operations Analyst','SmithRx','Remote','https://hiring.cafe/viewjob/tdnf6aas96l1genv','Applied','2025-10-25','2025-10-27 18:31:33','2025-11-05 23:44:17',NULL,NULL,'rwdorrington@gmail.com',NULL),(66,'Client Financial Optimization – Analyst','CVS Health','Remote','https://hiring.cafe/viewjob/tolisxhwni8auq4a','Ignored','2025-10-25','2025-10-27 18:31:33','2025-11-05 23:44:17',NULL,NULL,'rwdorrington@gmail.com',NULL),(67,'Bilingual Japanese Analyst, Merchant Monitoring','LegitScript','Remote','https://hiring.cafe/viewjob/vc4z8mb6gn4x8lh4','Ignored','2025-10-25','2025-10-27 18:31:33','2025-11-05 23:44:17',NULL,NULL,'rwdorrington@gmail.com',NULL),(68,'Student Information Systems Analyst','Charter Impact','Remote','https://hiring.cafe/viewjob/o9uv3tci636k6tay','Ignored','2025-10-25','2025-10-27 18:31:33','2025-11-05 23:44:17',NULL,NULL,'rwdorrington@gmail.com',NULL),(69,'Junior Geospatial Analyst','Amentum','Remote','https://hiring.cafe/viewjob/fl9madibxz82vjad','Ignored','2025-10-25','2025-10-27 18:31:33','2025-11-05 23:44:17',NULL,NULL,'rwdorrington@gmail.com',NULL),(70,'Revenue Cycle Analyst','Acu-Serve','Remote','https://hiring.cafe/viewjob/6bzprlar15sd8lea','Ignored','2025-10-25','2025-10-27 18:31:33','2025-11-05 23:44:17',NULL,NULL,'rwdorrington@gmail.com',NULL),(71,'Pricing & Operations Analyst (Remote)','Availity','Remote','https://hiring.cafe/viewjob/mio57x60skv9icj9','Ignored','2025-10-25','2025-10-27 18:31:33','2025-11-05 23:44:17',NULL,NULL,'rwdorrington@gmail.com',NULL),(72,'Finance Analyst','Circular Action Alliance','Remote','https://hiring.cafe/viewjob/d3v10dddoc67v8o9','Ignored','2025-10-25','2025-10-27 18:31:33','2025-11-05 23:44:17',NULL,NULL,'rwdorrington@gmail.com',NULL),(73,'Customer Success Analyst (Mandarin Speaking)','TheGuarantors','Remote','https://hiring.cafe/viewjob/o61kmlpccfz51x9h','Ignored','2025-10-25','2025-10-27 18:31:33','2025-11-05 23:44:17',NULL,NULL,'rwdorrington@gmail.com',NULL),(74,'2026 Summer Internship - Operations Business Analyst','CareSource','Remote','https://hiring.cafe/viewjob/kv9kdr4bsuhfdjas','Ignored','2025-10-25','2025-10-27 18:31:33','2025-11-05 23:44:17',NULL,NULL,'rwdorrington@gmail.com',NULL),(75,'Sales Support Analyst','Elsevier','Remote','https://hiring.cafe/viewjob/d57kwsij7xv9eziv','Ignored','2025-10-25','2025-10-27 18:31:33','2025-11-05 23:44:17',NULL,NULL,'rwdorrington@gmail.com',NULL),(76,'Coordination of Benefits (COB) Analyst I','The Rawlings Group','Remote','https://hiring.cafe/viewjob/u917mh4ds3lbgk3a','Ignored','2025-10-25','2025-10-27 18:31:33','2025-11-05 23:44:17',NULL,NULL,'rwdorrington@gmail.com',NULL),(77,'Junior Analyst - People Systems','Dandy','Remote','https://hiring.cafe/viewjob/1kdn82jrdluch1dj','Ignored','2025-10-25','2025-10-27 18:31:33','2025-11-05 23:44:17',NULL,NULL,'rwdorrington@gmail.com',NULL),(78,'Information Management Analyst','Transportation Dept Highway','Remote','https://hiring.cafe/viewjob/qp834oy00pda1oda','Ignored','2025-10-25','2025-10-27 18:31:33','2025-11-05 23:44:17',NULL,NULL,'rwdorrington@gmail.com',NULL),(79,'Associate Professional Business Analyst (Any city, WV, US, 99999)','Gainwell Technologies','Remote','https://hiring.cafe/viewjob/3rh5fdhol7kmoyai','Ignored','2025-10-25','2025-10-27 18:31:33','2025-11-05 23:44:17',NULL,NULL,'rwdorrington@gmail.com',NULL),(80,'Loan Review Analyst CRT','Freedom Communications','Remote','https://hiring.cafe/viewjob/sm77xp2auxip8my6','Ignored','2025-10-25','2025-10-27 18:31:33','2025-11-05 23:44:17',NULL,NULL,'rwdorrington@gmail.com',NULL),(81,'Clinical Safety Analyst','AbbVie','Remote','https://hiring.cafe/viewjob/heshcgy32bplah47','Ignored','2025-10-25','2025-10-27 18:31:33','2025-11-05 23:44:17',NULL,NULL,'rwdorrington@gmail.com',NULL),(82,'Bill Review Analyst I','CorVel','Remote','https://hiring.cafe/viewjob/yel261bnl6grpkm3','Ignored','2025-10-25','2025-10-27 18:31:33','2025-11-05 23:44:17',NULL,NULL,'rwdorrington@gmail.com',NULL),(83,'Business Solutions Developer I','Centene','Remote','https://hiring.cafe/viewjob/dbem3e9q8lm88xln','Applied','2025-10-27','2025-10-27 18:31:33','2025-11-05 23:44:17',NULL,NULL,'rwdorrington@gmail.com',NULL),(84,'Workday Business Process and Configuration Developer I','Iowa State University','Remote','https://hiring.cafe/viewjob/3dx63xxngd48cgzw','Applied','2025-10-27','2025-10-27 18:31:33','2025-11-05 23:44:17',NULL,NULL,'rwdorrington@gmail.com',NULL),(86,'Internal Branding Developer','Internal Cypress Automated Testing Co','Remote','https://hiring.cafe/viewjob/cekr3a55jkccrmx0','Ignored','2025-10-27','2025-10-27 18:39:37','2025-11-05 23:44:17',14,NULL,'rwdorrington@gmail.com',NULL),(87,'Software Engineer','Mortgage Connect','Remote','https://hiring.cafe/viewjob/f2zx6rfulndirgbl','Applied','2025-10-28','2025-10-28 16:32:29','2025-11-05 23:44:17',15,NULL,'rwdorrington@gmail.com',NULL),(88,'Internship, SAP Software Engineer','VSP Vision Care','Remote','https://hiring.cafe/viewjob/b9l3jmbz0xftb9uv','Applied','2025-10-28','2025-10-28 16:32:29','2025-11-05 23:44:17',15,NULL,'rwdorrington@gmail.com',NULL),(89,'Front-End Software Developer','Revelare Networks','Remote','https://hiring.cafe/viewjob/637lpxbmmcciff7m','Applied','2025-10-28','2025-10-28 16:32:29','2025-11-05 23:44:17',15,NULL,'rwdorrington@gmail.com',NULL),(90,'CMS-ID Software Developer','Goldbelt','Remote','https://hiring.cafe/viewjob/rj9vk5ibqlczq935','Applied','2025-10-28','2025-10-28 16:32:29','2025-11-05 23:44:17',15,NULL,'rwdorrington@gmail.com',NULL),(91,'Junior Research and Development Engineer, Software (req-182)','CATHEXIS','Remote','https://hiring.cafe/viewjob/1o3kgs5llxlnriyc','Applied','2025-10-28','2025-10-28 16:32:29','2025-11-05 23:44:17',15,NULL,'rwdorrington@gmail.com',NULL),(92,'Alteryx Developer / Data Automation Specialist','EisnerAmper','Remote','https://hiring.cafe/viewjob/qmejhx02q9dqj039','Applied','2025-10-28','2025-10-28 16:32:29','2025-11-05 23:44:17',15,NULL,'rwdorrington@gmail.com',NULL),(93,'Full Stack Developer','Krazy Coupon Lady','Remote','https://hiring.cafe/viewjob/weix6evij2c38f5n','Applied','2025-10-28','2025-10-28 16:32:29','2025-11-05 23:44:17',15,NULL,'rwdorrington@gmail.com',NULL),(94,'Leadership Program - Software Engineering (July 2026) (Atlanta, GA, US, 30309)','Acuity Solutions','Remote','https://hiring.cafe/viewjob/4v1qipjsaaomic9p','Applied','2025-10-28','2025-10-28 16:32:29','2025-11-05 23:44:17',15,NULL,'rwdorrington@gmail.com',NULL),(95,'Routing Specialist','Ryder System','Remote','https://hiring.cafe/viewjob/m7bvk3n5z2hcxlsa','Ignored','2025-10-28','2025-10-28 16:32:29','2025-11-05 23:44:17',15,NULL,'rwdorrington@gmail.com',NULL),(96,'Data Analyst I','Stewart Information Services','Remote','https://hiring.cafe/viewjob/tx5mn6vycq0g89po','Ignored','2025-10-28','2025-10-28 16:33:25','2025-11-05 23:44:17',18,NULL,'rwdorrington@gmail.com',NULL),(97,'Statistical Data Analyst','University of South Florida','Remote','https://hiring.cafe/viewjob/nqhe8bwosxdwkfmb','Ignored','2025-10-28','2025-10-28 16:33:25','2025-11-05 23:44:17',18,NULL,'rwdorrington@gmail.com',NULL),(98,'Claims Analyst I - Remote','Brightli','Remote','https://hiring.cafe/viewjob/j9b7drqh5568kklj','Applied','2025-10-28','2025-10-28 16:33:25','2025-11-05 23:44:17',18,NULL,'rwdorrington@gmail.com',NULL),(99,'Analyst, Operations I','MultiPlan','Remote','https://hiring.cafe/viewjob/kcfa7ge03ndp80mz','Ignored','2025-10-28','2025-10-28 16:33:25','2025-11-05 23:44:17',18,NULL,'rwdorrington@gmail.com',NULL),(100,'Health Insurance Analyst, Administrative Specialist 1','Oregon Health Authority','Remote','https://hiring.cafe/viewjob/6oe5ksekgo99kg1p','Ignored','2025-10-28','2025-10-28 16:33:25','2025-11-05 23:44:17',18,NULL,'rwdorrington@gmail.com',NULL),(101,'Detection & Investigation Analyst - Retail Bank Operations','PNC Financial Services','Remote','https://hiring.cafe/viewjob/1bzzd60ofh5pnw3y','Ignored','2025-10-28','2025-10-28 16:33:25','2025-11-05 23:44:17',18,NULL,'rwdorrington@gmail.com',NULL),(102,'Software Engineer Associate','PNC Financial Services','Remote','https://hiring.cafe/viewjob/n4u5d6saapd692ff','Applied','2025-10-29','2025-10-29 16:52:02','2025-11-05 23:44:17',29,'$70k-$123k/yr','rwdorrington@gmail.com',NULL),(103,'Junior Software Engineer','MOstudio','Remote','https://hiring.cafe/viewjob/jqmo0ro75ztk7tkj','Applied','2025-10-29','2025-10-29 16:52:02','2025-11-05 23:44:17',29,'$73k-$105k/yr','rwdorrington@gmail.com',NULL),(104,'Software Engineering Intern','GitHub','Remote','https://hiring.cafe/viewjob/3y2b3uitrci16hyb','Ignored','2025-10-29','2025-10-29 16:52:02','2025-11-05 23:44:17',29,'$32-$85/hr','rwdorrington@gmail.com',NULL),(105,'Junior Full Stack Developer','Harmonia','Remote','https://hiring.cafe/viewjob/yxr6uc2nwv3i2iny','Applied','2025-10-29','2025-10-29 16:52:02','2025-11-05 23:44:17',29,NULL,'rwdorrington@gmail.com',NULL),(106,'ML Engineer - Automated Scorer','Pearson','Remote','https://hiring.cafe/viewjob/486liphd5czhm36r','Ignored','2025-10-29','2025-10-29 16:52:02','2025-11-05 23:44:17',29,'$100k-$110k/yr','rwdorrington@gmail.com',NULL),(107,'Associate AI/ML Engineer','Optum','Remote','https://hiring.cafe/viewjob/3pg1wsyzwumifmpd','Ignored','2025-10-29','2025-10-29 16:52:02','2025-11-05 23:44:17',29,NULL,'rwdorrington@gmail.com',NULL),(108,'Junior Delivery Specialist','Harriscomputer','Remote','https://hiring.cafe/viewjob/2csa8mqbjotp56aj','Applied','2025-10-29','2025-10-29 16:52:02','2025-11-05 23:44:17',29,NULL,'rwdorrington@gmail.com',NULL),(109,'Data Analyst','Fidelity & Guaranty Life','Remote','https://hiring.cafe/viewjob/hklb186jj21xqc97','Applied','2025-10-29','2025-10-29 17:03:59','2025-11-05 23:44:17',30,NULL,'rwdorrington@gmail.com',NULL),(110,'Product Data Analyst','Internal Cypress Automated Testing Co','Remote','https://hiring.cafe/viewjob/1jh7fm6q749g7p1s','Ignored','2025-10-29','2025-10-29 17:03:59','2025-11-05 23:44:17',30,NULL,'rwdorrington@gmail.com',NULL),(111,'Associate Data Analyst (51122)','Argo-Tech','Remote','https://hiring.cafe/viewjob/qgvvvp9dzc41ockc','Ignored','2025-10-29','2025-10-29 17:03:59','2025-11-05 23:44:17',30,NULL,'rwdorrington@gmail.com',NULL),(112,'Data Analyst I Healthcare Analytics','Centene','Remote','https://hiring.cafe/viewjob/blu09hhk0fd7xumx','Ignored','2025-10-29','2025-10-29 17:03:59','2025-11-05 23:44:17',30,'$55k-$99k/yr','rwdorrington@gmail.com',NULL),(113,'Safety & Risk, Business Analyst','MV Transportation','Remote','https://hiring.cafe/viewjob/j22svlxx9ztjh7i7','Ignored','2025-10-29','2025-10-29 17:03:59','2025-11-05 23:44:17',30,NULL,'rwdorrington@gmail.com',NULL),(114,'Jr. Reporting Analyst (US)','International SOS','Remote','https://hiring.cafe/viewjob/bfkq4qbnl2uxib7h','Ignored','2025-10-29','2025-10-29 17:03:59','2025-11-05 23:44:17',30,NULL,'rwdorrington@gmail.com',NULL),(115,'P&C Actuarial Analyst','Allstate','Remote','https://hiring.cafe/viewjob/a429l9tso3co819o','Ignored','2025-10-29','2025-10-29 17:03:59','2025-11-05 23:44:17',30,'$58k-$114k/yr','rwdorrington@gmail.com',NULL),(116,'Compliance Documentation Analyst','Future Tech Enterprise','Remote','https://hiring.cafe/viewjob/hptwgarm2vf3qdq8','Ignored','2025-10-29','2025-10-29 17:03:59','2025-11-05 23:44:17',30,NULL,'rwdorrington@gmail.com',NULL),(117,'Financial Audit Analyst (Client Audit) - EVERNORTH','Cigna','Remote','https://hiring.cafe/viewjob/3xtmle17dvmr39w0','Ignored','2025-10-29','2025-10-29 17:03:59','2025-11-05 23:44:17',30,NULL,'rwdorrington@gmail.com',NULL),(118,'Software Engineer I','PRAESIDIO','Remote','https://hiring.cafe/viewjob/3x7j4c6d8qc7u9qa','Applied','2025-10-30','2025-10-30 23:00:45','2025-11-05 23:44:17',32,NULL,'rwdorrington@gmail.com',NULL),(119,'Summer 2026 Software Engineer/Architect - Python Graduate Intern','Highmark Health and Allegheny Health Network','Remote','https://hiring.cafe/viewjob/jkfkr66xa1o042v0','Ignored','2025-10-30','2025-10-30 23:00:45','2025-11-05 23:44:17',32,NULL,'rwdorrington@gmail.com',NULL),(120,'2025 Associate Software Engineer - Remote','Northrop Grumman','Remote','https://hiring.cafe/viewjob/y3j9jbtmetmjd3ig','Applied','2025-10-30','2025-10-30 23:00:45','2025-11-05 23:44:17',32,NULL,'rwdorrington@gmail.com',NULL),(121,'MXSIAM SOC Engineer (Unit 42)','Palo Alto Networks','Remote','https://hiring.cafe/viewjob/vkegyh8glyvfr5z4','Ignored','2025-10-30','2025-10-30 23:00:45','2025-11-05 23:44:17',32,'$104k-$170k/yr','rwdorrington@gmail.com',NULL),(122,'Jr. Frontend Engineer – React/Next.js','Infosys','Remote','https://hiring.cafe/viewjob/xjyrxipot6gnfb0o','Ignored','2025-10-30','2025-10-30 23:00:45','2025-11-05 23:44:17',32,NULL,'rwdorrington@gmail.com',NULL),(123,'Senior Android Mobile Engineer','NBCUniversal','Remote','https://hiring.cafe/viewjob/9qjn3oxjzhu6usmv','Ignored','2025-10-30','2025-10-30 23:00:45','2025-11-05 23:44:17',32,NULL,'rwdorrington@gmail.com',NULL),(124,'IT Analyst - Level 1 Developer (Durham, NC, US, 27710)','Duke University','Remote','https://hiring.cafe/viewjob/jh8evpmo5tenaax0','Applied','2025-10-30','2025-10-30 23:00:45','2025-11-05 23:44:17',32,NULL,'rwdorrington@gmail.com',NULL),(125,'Data Reporting Analyst','Horizon Blue Cross Blue Shield of New Jersey','Remote','https://hiring.cafe/viewjob/4j1i1vj4k8k8abzf','Ignored','2025-10-30','2025-10-30 23:12:29','2025-11-05 23:44:17',33,'$55k-$74k/yr','rwdorrington@gmail.com',NULL),(126,'Data Analyst I Healthcare Analytics','Centene','Remote','https://hiring.cafe/viewjob/erum572z7kzu3ydm','Ignored','2025-10-30','2025-10-30 23:12:29','2025-11-05 23:44:17',33,'$55k-$99k/yr','rwdorrington@gmail.com',NULL),(127,'Data Analyst I - Clinical Research Informatics','St. Jude Children\'s Research Hospital','Remote','https://hiring.cafe/viewjob/c2durnyacqzjg41d','Ignored','2025-10-30','2025-10-30 23:12:29','2025-11-05 23:44:17',33,'$66k-$114k/yr','rwdorrington@gmail.com',NULL),(128,'Music Data Analyst (Spanish) - Part Time','1021 Creative','Remote','https://hiring.cafe/viewjob/uyij02n50vj7b4ry','Ignored','2025-10-30','2025-10-30 23:12:29','2025-11-05 23:44:17',33,NULL,'rwdorrington@gmail.com',NULL),(129,'Project Analyst','MasTec','Remote','https://hiring.cafe/viewjob/41wnai0u7ogz57f5','Ignored','2025-10-30','2025-10-30 23:12:29','2025-11-05 23:44:17',33,'$65k-$75k/yr','rwdorrington@gmail.com',NULL),(130,'Healthcare Operations Analyst - Indiana Medicaid (Remote) (Indianapolis, IN, US, 46204-1077)','Gainwell Technologies','Remote','https://hiring.cafe/viewjob/7otok6hwnpjd7ne8','Ignored','2025-10-30','2025-10-30 23:12:29','2025-11-05 23:44:17',33,'$31k-$44k/yr','rwdorrington@gmail.com',NULL),(131,'Engineering Support Analyst','RedSail Technologies','Remote','https://hiring.cafe/viewjob/dkxdbc2mxu8zmshq','Ignored','2025-10-30','2025-10-30 23:12:29','2025-11-05 23:44:17',33,'$80k-$110k/yr','rwdorrington@gmail.com',NULL),(132,'Payroll Support Analyst','Marmon','Remote','https://hiring.cafe/viewjob/b51jxjwujlg7yhxa','Ignored','2025-10-30','2025-10-30 23:12:29','2025-11-05 23:44:17',33,'$53k-$80k/yr','rwdorrington@gmail.com',NULL),(133,'Software Engineer','IPT Global','Remote','https://hiring.cafe/viewjob/tmouneh70a819dgj','Applied','2025-10-31','2025-10-31 18:25:09','2025-11-05 23:44:17',35,NULL,'rwdorrington@gmail.com',NULL),(134,'Associate Software Development Engineer','CVS Health','Remote','https://hiring.cafe/viewjob/0wtirhjejn1jl13w','Applied','2025-10-31','2025-10-31 18:25:09','2025-11-05 23:44:17',35,'$30-$59/hr','rwdorrington@gmail.com',NULL),(135,'Founding Support Engineer (Remote)','Reducto','Remote','https://hiring.cafe/viewjob/5abjmb9vi9ogygfk','Ignored','2025-10-31','2025-10-31 18:25:09','2025-11-05 23:44:17',35,NULL,'rwdorrington@gmail.com',NULL),(136,'Java Developer','Cognizant Technology Solutions','Remote','https://hiring.cafe/viewjob/8wr7l1o0moqti2i5','Applied','2025-10-31','2025-10-31 18:25:09','2025-11-05 23:44:17',35,NULL,'rwdorrington@gmail.com',NULL),(137,'Temporary VBA Developer','RSM Us','Remote','https://hiring.cafe/viewjob/wte4b3f47yu5d2nv','Ignored','2025-10-31','2025-10-31 18:25:09','2025-11-05 23:44:17',35,'$56-$84/hr','rwdorrington@gmail.com',NULL),(138,'Ruby Developer (DHS Cleared)','Steampunk','Remote','https://hiring.cafe/viewjob/dfw3my9jjehbfown','Ignored','2025-10-31','2025-10-31 18:25:09','2025-11-05 23:44:17',35,'$100k-$160k/yr','rwdorrington@gmail.com',NULL),(139,'Marketing - Developer I','Grand Canyon University','Remote','https://hiring.cafe/viewjob/i46tvsxqx8vtxtue','Applied','2025-10-31','2025-10-31 18:25:09','2025-11-05 23:44:17',35,NULL,'rwdorrington@gmail.com',NULL),(140,'Solutions Consultant 2 - SLED','Palo Alto Networks','Remote','https://hiring.cafe/viewjob/m6azuo1l4aa6nbuc','Ignored','2025-10-31','2025-10-31 18:25:09','2025-11-05 23:44:17',35,'$198k-$298k/yr','rwdorrington@gmail.com',NULL),(141,'Software Engineer','IPT Global','Remote','https://hiring.cafe/viewjob/24ln8nplg1m62gmp','Applied','2025-11-01','2025-11-01 17:12:39','2025-11-05 23:44:17',36,NULL,'rwdorrington@gmail.com',NULL),(142,'Software Engineer','Red Hat','Remote','https://hiring.cafe/viewjob/9zht81rsdj9jie5a','Ignored','2025-11-01','2025-11-01 17:12:39','2025-11-05 23:44:17',36,'$114k-$181k/yr','rwdorrington@gmail.com',NULL),(143,'Associate Software Engineer II','Optum','Remote','https://hiring.cafe/viewjob/3yxkov14tap29wii','Ignored','2025-11-01','2025-11-01 17:12:39','2025-11-05 23:44:17',36,NULL,'rwdorrington@gmail.com',NULL),(144,'Software Engineer Intern (Summer 2026)','Zip','Remote','https://hiring.cafe/viewjob/xot0valg2guh3utn','Ignored','2025-11-01','2025-11-01 17:12:39','2025-11-05 23:44:17',36,'$58-$60/hr','rwdorrington@gmail.com',NULL),(145,'Frontend Software Engineer Summer Intern (Remote & Paid)','Experian','Remote','https://hiring.cafe/viewjob/f2nbm0fuamihnhr8','Ignored','2025-11-01','2025-11-01 17:12:39','2025-11-05 23:44:17',36,'$20-$35/hr','rwdorrington@gmail.com',NULL),(146,'Freelance GenAI Developer - Prompt Engineering & Data Workflows','Mindrift','Remote','https://hiring.cafe/viewjob/djxo5e9xgid38wea','Ignored','2025-11-01','2025-11-01 17:12:39','2025-11-05 23:44:17',36,'$20/hr','rwdorrington@gmail.com',NULL),(147,'ADM','Cognizant Technology Solutions','Remote','https://hiring.cafe/viewjob/fg05i61f5ban2zi6','Applied','2025-11-01','2025-11-01 17:12:39','2025-11-05 23:44:17',36,'$73k/yr','rwdorrington@gmail.com',NULL),(148,'Python Developer','Cognizant Technology Solutions','Remote','https://hiring.cafe/viewjob/5dzhdr0t9825w7gp','Ignored','2025-11-01','2025-11-01 17:12:39','2025-11-05 23:44:17',36,NULL,'rwdorrington@gmail.com',NULL),(149,'Developer I','Grand Canyon University','Remote','https://hiring.cafe/viewjob/6ztge30kxlozx9if','Ignored','2025-11-01','2025-11-01 17:12:39','2025-11-05 23:44:17',36,NULL,'rwdorrington@gmail.com',NULL),(150,'2026 Associate Agile Engineer Internship','Copeland','Remote','https://hiring.cafe/viewjob/cjpumo0idn1qo6az','Ignored','2025-11-02','2025-11-03 03:11:25','2025-11-05 23:44:17',37,NULL,'rwdorrington@gmail.com',NULL),(151,'Software Engineer I','Zivian Health','Remote','https://hiring.cafe/viewjob/eyv1g1rtbufrqbq9','Applied','2025-11-03','2025-11-03 19:28:53','2025-11-05 23:44:17',38,NULL,'rwdorrington@gmail.com',NULL),(152,'Software Engineer I','Cummins','Remote','https://hiring.cafe/viewjob/qt41ckkn6eekgcmx','Applied','2025-11-03','2025-11-03 23:10:07','2025-11-05 23:44:17',40,'$58k-$86k/yr','rwdorrington@gmail.com',NULL),(153,'Front-End Web Engineer (Remote)','Experian','Remote','https://hiring.cafe/viewjob/rdlwo5zjldi6tjqb','Applied','2025-11-03','2025-11-03 23:10:07','2025-11-05 23:44:17',40,'$64k-$111k/yr','rwdorrington@gmail.com',NULL),(154,'Software Engineer I (entry)','Jerry.ai','Remote','https://hiring.cafe/viewjob/bsd2f8sbqq2gcc0f','Ignored','2025-11-04','2025-11-04 17:16:33','2025-11-05 23:44:17',41,'$70k-$110k/yr','rwdorrington@gmail.com',NULL),(155,'Associate Software Engineer','Veterans United Home Loans','Remote','https://hiring.cafe/viewjob/57yhwro3qmtav12r','Applied','2025-11-04','2025-11-04 17:16:33','2025-11-05 23:44:17',41,NULL,'rwdorrington@gmail.com',NULL),(156,'Software Engineer','River','Remote','https://hiring.cafe/viewjob/m2dz96bn4hnisuy8','Ignored','2025-11-04','2025-11-04 17:16:33','2025-11-05 23:44:17',41,'$120k-$150k/yr','rwdorrington@gmail.com',NULL),(157,'Associate Developer','Insurity','Remote','https://hiring.cafe/viewjob/20j39hxrb61i3acj','Ignored','2025-11-04','2025-11-04 17:16:33','2025-11-05 23:44:17',41,'$25/hr','rwdorrington@gmail.com',NULL),(158,'Junior Salesforce Solution Engineer','COPE Health Solutions','Remote','https://hiring.cafe/viewjob/lgbubmjgmcvh4vzd','Ignored','2025-11-04','2025-11-04 17:16:33','2025-11-05 23:44:17',41,'$35-$50/hr','rwdorrington@gmail.com',NULL),(159,'Jr. Full Stack Developer','Elementsolutions','Remote','https://hiring.cafe/viewjob/ys8dixkqze7u6qak','Applied','2025-11-04','2025-11-04 17:16:33','2025-11-05 23:44:17',41,'$85k-$110k/yr','rwdorrington@gmail.com',NULL),(160,'Data Analyst','Advocate Aurora Health','Remote','https://hiring.cafe/viewjob/j4b3333kb8jzyq4u','Ignored','2025-11-04','2025-11-04 17:43:00','2025-11-05 23:44:17',42,'$28-$42/yr','rwdorrington@gmail.com',NULL),(161,'Data Analyst','AVER','Remote','https://hiring.cafe/viewjob/535pijgrsmcj5k07','Ignored','2025-11-04','2025-11-04 17:43:00','2025-11-05 23:44:17',42,NULL,'rwdorrington@gmail.com',NULL),(162,'Research Data Analyst, Internship','Medicom Technologies','Remote','https://hiring.cafe/viewjob/3xycdry6518p58x5','Applied','2025-11-04','2025-11-04 17:43:00','2025-11-05 23:44:17',42,'$30/hr','rwdorrington@gmail.com',NULL),(163,'Pharmacy Data Analyst Intern (Undergraduate - Summer 2026)','Centene','Remote','https://hiring.cafe/viewjob/zhkfczagvta8z834','Ignored','2025-11-04','2025-11-04 17:43:00','2025-11-05 23:44:17',42,'$18-$26/hr','rwdorrington@gmail.com',NULL),(164,'Junior Revenue Operations Analyst','Corel','Remote','https://hiring.cafe/viewjob/padzwcgvuni0vqm3','Ignored','2025-11-04','2025-11-04 17:43:00','2025-11-05 23:44:17',42,'$55k-$65k/yr','rwdorrington@gmail.com',NULL),(165,'Solution Network Business Analyst Intern','OneStream Software','Remote','https://hiring.cafe/viewjob/5djxv8jobe8nggbd','Ignored','2025-11-04','2025-11-04 17:43:00','2025-11-05 23:44:17',42,NULL,'rwdorrington@gmail.com',NULL),(166,'Insights Analyst Intern, Teamfight Tactics - Summer 2026 (Remote)','Riot Games','Remote','https://hiring.cafe/viewjob/i9eah89nbs47izc9','Ignored','2025-11-04','2025-11-04 17:43:00','2025-11-05 23:44:17',42,'$183-$2k/hr','rwdorrington@gmail.com',NULL),(167,'Junior Python Software Engineer','Eqvilent','Remote','https://hiring.cafe/viewjob/9v78820u9vjje2nh','Applied','2025-11-04','2025-11-04 20:04:06','2025-11-05 23:44:17',47,NULL,'rwdorrington@gmail.com',NULL),(168,'Intern - Engineer - Summer 2026 (Remote, US)','Lumen Technologies','Remote','https://hiring.cafe/viewjob/yhbhjawd3yjvb4v3','Ignored','2025-11-04','2025-11-04 20:04:06','2025-11-05 23:44:17',47,'$31-$46/hr','rwdorrington@gmail.com',NULL),(169,'Software Engineer','Becton Dickinson','Remote','https://hiring.cafe/viewjob/pxe71g3sin2qzfjk','Applied','2025-11-05','2025-11-05 01:06:06','2025-11-05 23:44:17',48,'$34-$56/hr','rwdorrington@gmail.com',NULL),(170,'Software Engineer','IPT Global','Remote','https://hiring.cafe/viewjob/38xmwyupsvr73gtk','Applied','2025-11-05','2025-11-05 02:21:04','2025-11-05 23:44:17',54,NULL,'rwdorrington@gmail.com',NULL),(171,'Senior Markets Developer','Internal Cypress Automated Testing Co','Remote','https://hiring.cafe/viewjob/0p0tjohj2fsg3sps','Ignored','2025-11-05','2025-11-05 02:21:04','2025-11-05 23:44:17',54,NULL,'rwdorrington@gmail.com',NULL),(172,'SOFTWARE ENGINEER 1 (Newport News, Virginia, United States)','Ingalls Shipbuilding','Remote','https://hiring.cafe/viewjob/exlpxwdgr01y1evm','Ignored','2025-11-05','2025-11-05 20:35:15','2025-11-05 23:44:17',55,'$67k-$84k/yr','rwdorrington@gmail.com',NULL),(173,'Network R&D Software Developer','Revelare Networks','Remote','https://hiring.cafe/viewjob/o8kwhkj23lg7htw9','Ignored','2025-11-05','2025-11-05 20:35:15','2025-11-05 23:44:17',55,NULL,'rwdorrington@gmail.com',NULL),(174,'Automated Test Engineer','mPulse Mobile','Remote','https://hiring.cafe/viewjob/9zotuvu8c3dcvl5q','Applied','2025-11-05','2025-11-05 20:35:15','2025-11-05 23:44:17',55,NULL,'rwdorrington@gmail.com',NULL),(175,'Junior AI/ML/NLP Engineer','WEX','Remote','https://hiring.cafe/viewjob/joreidihxfnoh2dp','Applied','2025-11-05','2025-11-05 20:35:15','2025-11-05 23:44:17',55,'$68k-$90k/yr','rwdorrington@gmail.com',NULL),(176,'Jr AI Developer','Brown & Brown','Remote','https://hiring.cafe/viewjob/i7kusntnqe3pu3wb','Ignored','2025-11-05','2025-11-05 20:35:15','2025-11-05 23:44:17',55,'$80k-$100k/yr','rwdorrington@gmail.com',NULL),(177,'Software Engineer / Sr. Software Engineer (C#. .NET, SQL)','Applied Systems, Inc.','Remote','https://hiring.cafe/viewjob/wzfr3lp17yukcqhg','Applied','2025-11-06','2025-11-06 01:11:00','2025-11-06 01:16:31',57,'$60k-$140k/yr','rwdorrington@gmail.com',NULL),(178,'Software Engineer, Cribl AI','Cribl','Remote','https://hiring.cafe/viewjob/wm9t3pzvgmf9kq81','Ignored','2025-11-06','2025-11-06 01:11:00','2025-11-06 01:16:31',57,'$200k-$235k/yr','rwdorrington@gmail.com',NULL),(179,'Let\'s begin! Software Engineer (11389)','Moody’s','Remote','https://hiring.cafe/viewjob/izmhjj6c5z8ulpv3','Ignored','2025-11-06','2025-11-06 01:11:00','2025-11-06 01:16:31',57,'$62k-$137k/yr','rwdorrington@gmail.com',NULL),(180,'Software Engineer - Spark','Cloudera','Remote','https://hiring.cafe/viewjob/t6xnp4macgsxcdww','Ignored','2025-11-06','2025-11-06 01:11:00','2025-11-06 01:16:31',57,NULL,'rwdorrington@gmail.com',NULL),(181,'Frontend Software Engineer I (Remote)','PriceLabs','Remote','https://hiring.cafe/viewjob/qxlh2lvral4vydbr','Ignored','2025-11-06','2025-11-06 01:11:00','2025-11-06 01:16:31',57,NULL,'rwdorrington@gmail.com',NULL),(182,'IT SOFTWARE ENGINEER 3 (Newport News, Virginia, United States)','Ingalls Shipbuilding','Remote','https://hiring.cafe/viewjob/b7l33j3gmq0swhtf','Ignored','2025-11-06','2025-11-06 01:11:00','2025-11-06 01:16:31',57,'$99k-$124k/yr','rwdorrington@gmail.com',NULL),(183,'rApp Developer Advocate (775846)','Ericsson','Remote','https://hiring.cafe/viewjob/1r9ep1oc2thyadw7','Ignored','2025-11-06','2025-11-06 01:11:00','2025-11-06 01:16:31',57,NULL,'rwdorrington@gmail.com',NULL),(184,'AI Developer','University of Maine','Remote','https://hiring.cafe/viewjob/iwbvael866px7dds','Ignored','2025-11-06','2025-11-06 01:11:00','2025-11-06 01:16:31',57,'$75k-$85k/yr','rwdorrington@gmail.com',NULL),(185,'Developer III','Thermo Fisher Scientific','Remote','https://hiring.cafe/viewjob/vi25dh9q29qata2s','Ignored','2025-11-06','2025-11-06 01:11:00','2025-11-06 01:16:31',57,'$147k-$151k/yr','rwdorrington@gmail.com',NULL),(186,'Machine Learning Engineer','radai','Remote','https://hiring.cafe/viewjob/12qezf2u9u9yx158','Ignored','2025-11-06','2025-11-06 01:11:00','2025-11-06 01:16:31',57,'$150k-$178k/yr','rwdorrington@gmail.com',NULL),(187,'Senior Developer','TSPi','Remote','https://hiring.cafe/viewjob/2rwgkqmvmc0mzy7d','Ignored','2025-11-06','2025-11-06 01:11:00','2025-11-06 01:16:31',57,'$90k-$97k/yr','rwdorrington@gmail.com',NULL),(188,'Senior Associate, L2 Support Engineer (Databolt) - Capital One Software (Remote)','Capital One','Remote','https://hiring.cafe/viewjob/hq87xu9b4akhyn6w','Ignored','2025-11-06','2025-11-06 01:11:00','2025-11-06 01:16:31',57,'$86k-$98k/yr','rwdorrington@gmail.com',NULL),(189,'Ruby Developer (DHS Cleared)','Steampunk','Remote','https://hiring.cafe/viewjob/dergsall0x5pz4yi','Ignored','2025-11-06','2025-11-06 01:11:00','2025-11-06 01:16:31',57,'$100k-$160k/yr','rwdorrington@gmail.com',NULL),(190,'Python Developer for UL Solution (9875)','Agiliad','Remote','https://hiring.cafe/viewjob/649bzgne61bkvpx2','Ignored','2025-11-06','2025-11-06 01:11:00','2025-11-06 01:16:31',57,NULL,'rwdorrington@gmail.com',NULL),(191,'Pacific Specialty Insurance Co - Duck Creek Policy Developer','Pacific Specialty Insurance Company','Remote','https://hiring.cafe/viewjob/bxxyaum7az97r25l','Ignored','2025-11-06','2025-11-06 01:11:00','2025-11-06 01:16:31',57,'$120k-$140k/yr','rwdorrington@gmail.com',NULL),(192,'Registration Website Developer (US, Virtual, NOAM)','BCD Travel','Remote','https://hiring.cafe/viewjob/dx948atwahqr02yu','Ignored','2025-11-06','2025-11-06 01:11:00','2025-11-06 01:16:31',57,'$55k-$75k/yr','rwdorrington@gmail.com',NULL),(193,'Sr. Batch Developer (UNIX/LINUX/C/MAR/T-MSIS) (Any city, AL, US, 99999)','Gainwell Technologies','Remote','https://hiring.cafe/viewjob/i7ddp4jwegxmsihy','Ignored','2025-11-06','2025-11-06 01:11:00','2025-11-06 01:16:31',57,'$80k-$100k/yr','rwdorrington@gmail.com',NULL),(194,'Junior Software Engineer - Ruby','Covalent','Remote','https://hiring.cafe/viewjob/kn2xc4ju21m2kda2','Ignored','2025-11-06','2025-11-06 20:18:19','2025-11-06 20:29:50',66,NULL,'rwdorrington@gmail.com',NULL),(195,'Software Engineer (SDE-I) (173451)','ICICI Lombard','Remote','https://hiring.cafe/viewjob/2lxrxm80y5oc7e0h','Ignored','2025-11-06','2025-11-06 20:18:19','2025-11-06 20:29:50',66,NULL,'rwdorrington@gmail.com',NULL),(196,'Full Stack Engineer','HHAeXchange','Remote','https://hiring.cafe/viewjob/0muo9k734scrjs1j','Applied','2025-11-06','2025-11-06 20:18:19','2025-11-06 20:30:00',66,'$100k-$140k/yr','rwdorrington@gmail.com',NULL),(197,'Jr. Java Engineer (remote)','MultiPlan','Remote','https://hiring.cafe/viewjob/de08w1d649y2rb4f','Applied','2025-11-06','2025-11-06 20:18:19','2025-11-06 20:29:50',66,'$45-$55/hr','rwdorrington@gmail.com',NULL),(198,'Entry-Level DevOps Engineer (Virtual)','Boeing','Remote','https://hiring.cafe/viewjob/i63d4293nxq6smtv','Applied','2025-11-06','2025-11-06 20:18:19','2025-11-06 20:29:50',66,'$70k-$108k/yr','rwdorrington@gmail.com',NULL),(199,'Intern - IT Application Development','SelectQuote','Remote','https://hiring.cafe/viewjob/dpii7n6yk8b3xjgw','Ignored','2025-11-06','2025-11-06 20:18:19','2025-11-06 20:29:50',66,'$18/hr','rwdorrington@gmail.com',NULL),(200,'Central Revenue Analyst (Remote Opportunity)','Hyatt','Remote','https://hiring.cafe/viewjob/dmj5g6w9pnr7ns7r','Ignored','2025-11-07','2025-11-07 02:19:24','2025-11-07 02:19:53',69,NULL,'rwdorrington@gmail.com',NULL),(201,'Software Engineer','IPT Global','Remote','https://hiring.cafe/viewjob/cduc81me1rixf1sz','Applied','2025-11-07','2025-11-07 19:04:43','2025-11-07 19:12:38',70,NULL,'rwdorrington@gmail.com',NULL),(202,'Business Solutions Developer','Computer Services (CSI)','Remote','https://hiring.cafe/viewjob/wezwcnkjidqz8p35','Applied','2025-11-07','2025-11-07 19:04:43','2025-11-07 19:12:38',70,NULL,'rwdorrington@gmail.com',NULL),(203,'Let\'s begin! Software Engineering Intern (11118)','Moody’s','Remote','https://hiring.cafe/viewjob/rbuodgi0k6569xlh','Applied','2025-11-07','2025-11-07 19:04:43','2025-11-07 19:12:38',70,'$35/hr','rwdorrington@gmail.com',NULL),(204,'Junior Backend Engineer - 3 Month Contract','Internal Job Board','Remote','https://hiring.cafe/viewjob/1i0y6e0apl5qmyoe','Ignored','2025-11-07','2025-11-07 19:04:43','2025-11-07 19:12:38',70,'$32/hr','rwdorrington@gmail.com',NULL),(205,'Website Designer/Developer Intern (WordPress) - 10-15 hrs/week, Remote','Work Right NW','Remote','https://hiring.cafe/viewjob/roqztmmtg8ogmx7c','Ignored','2025-11-07','2025-11-07 19:04:43','2025-11-07 19:12:38',70,'$25-$35/hr','rwdorrington@gmail.com',NULL),(206,'Open Talent Pool - Junior Developers','The Patrick J McGovern Foundation','Remote','https://hiring.cafe/viewjob/5jw3dpf5p6gwfm34','Applied','2025-11-07','2025-11-07 19:04:43','2025-11-07 19:12:38',70,NULL,'rwdorrington@gmail.com',NULL),(207,'Application Development Engineering Intern (Undergraduate - Summer)','Centene','Remote','https://hiring.cafe/viewjob/it2pjy4ngbk1kb8y','Ignored','2025-11-07','2025-11-07 19:04:43','2025-11-07 19:12:38',70,'$21-$26/hr','rwdorrington@gmail.com',NULL),(208,'Software Engineer','SchoolRyde','Remote','https://hiring.cafe/viewjob/kadbd9hq65goxxy6','Ignored','2025-11-08','2025-11-08 00:38:02','2025-11-08 00:41:18',71,NULL,'rwdorrington@gmail.com',NULL),(209,'Junior Developer','','Remote','https://hiring.cafe/viewjob/c4104tj5k7g25sqj','Applied','2025-11-08','2025-11-08 00:38:02','2025-11-08 00:41:18',71,NULL,'rwdorrington@gmail.com',NULL),(228,'Associate Software Engineer','Optum','Remote','https://hiring.cafe/viewjob/zvtenzvnq6piyabw','Applied','2025-11-09','2025-11-09 17:15:03','2025-11-09 17:26:10',82,'$59k-$105k/yr','rwdorrington@gmail.com',NULL),(229,'Full Stack Software Engineer','Cognizant Technology Solutions','Remote','https://hiring.cafe/viewjob/bva81diuu971zzau','Applied','2025-11-09','2025-11-09 17:15:03','2025-11-09 17:26:10',82,'$60k-$90k/yr','rwdorrington@gmail.com',NULL),(230,'Software Quality Assurance Engineer/Associate','Clubessential Holdings','Remote','https://hiring.cafe/viewjob/f4tu6xdk9hocnowv','Applied','2025-11-09','2025-11-09 17:15:03','2025-11-09 17:26:10',82,NULL,'rwdorrington@gmail.com',NULL),(231,'Product, Platform & Enterprise Front End Software Engineer I/II (Remote - US) (REMOTE, US, US, 76131)','BNSF Railway','Remote','https://hiring.cafe/viewjob/doyzj6uutkg5s6wr','Applied','2025-11-09','2025-11-09 17:15:03','2025-11-09 17:26:10',82,'$94k-$175k/yr','rwdorrington@gmail.com',NULL),(232,'Field Service Engineer','Hitachi Energy','Remote','https://hiring.cafe/viewjob/r7nauhc3soxsn2wc','Ignored','2025-11-09','2025-11-09 17:15:03','2025-11-09 17:26:09',82,'$21-$29/hr','rwdorrington@gmail.com',NULL),(233,'Business Solutions Developer I','Centene','Remote','https://hiring.cafe/viewjob/n2lxjwh4bx6fdtow','Ignored','2025-11-10','2025-11-10 17:32:47','2025-11-10 17:33:33',84,'$55k-$99k/yr','rwdorrington@gmail.com',NULL),(234,'Front-End Software Developer TEMP (part-time, remote)','Bruker','Remote','https://hiring.cafe/viewjob/wh24lp0awu4l7d1d','Ignored','2025-11-11','2025-11-11 19:06:28','2025-11-11 19:19:01',90,'$40-$50/hr','rwdorrington@gmail.com',25),(235,'Founding Support Engineer (Remote)','Reducto','Remote','https://hiring.cafe/viewjob/uqusylrze84zgc9z','Ignored','2025-11-11','2025-11-11 19:06:28','2025-11-11 19:19:01',90,NULL,'rwdorrington@gmail.com',0),(236,'Raventek Solution Partners LLC - Junior Developer','RavenTek','Remote','https://hiring.cafe/viewjob/kyqyyl4np9gh7j1h','Applied','2025-11-11','2025-11-11 19:06:28','2025-11-11 19:19:01',90,NULL,'rwdorrington@gmail.com',33.33),(237,'Junior Full Stack .NET Developer','Mitchell International, Inc.','Remote','https://hiring.cafe/viewjob/ororgu676hxziwdg','Applied','2025-11-11','2025-11-11 19:06:28','2025-11-11 19:19:01',90,'$28-$38/hr','rwdorrington@gmail.com',33.33),(238,'Substation P&C Drafting Technician','ICF','Remote','https://hiring.cafe/viewjob/ymt1ldc4vcbgm2jx','Ignored','2025-11-11','2025-11-11 19:06:28','2025-11-11 19:19:01',90,'$38k-$64k/yr','rwdorrington@gmail.com',0),(239,'Data Analyst I','Fanatics','Remote','https://hiring.cafe/viewjob/2ttgcon3ra5uf6n5','Applied','2025-11-11','2025-11-11 19:19:15','2025-11-11 19:53:54',91,NULL,'rwdorrington@gmail.com',40),(241,'Analyst, Underwriting','Rightway','Remote','https://hiring.cafe/viewjob/ca6dpz9gxj1ksh7x','Ignored','2025-11-11','2025-11-11 19:19:15','2025-11-11 19:53:54',91,'$70k-$100k/yr','rwdorrington@gmail.com',0),(242,'Content Analyst (Fixed Term)','Snap','Remote','https://hiring.cafe/viewjob/zdybkm85s8185j2g','Ignored','2025-11-11','2025-11-11 19:19:15','2025-11-11 19:53:54',91,'$91k-$161k/yr','rwdorrington@gmail.com',16.67),(243,'Business Analyst I Claims, Root Cause','Centene','Remote','https://hiring.cafe/viewjob/4p8zf97t3e7u2s2x','Ignored','2025-11-11','2025-11-11 19:19:15','2025-11-11 19:53:54',91,'$27-$48/hr','rwdorrington@gmail.com',12.5),(244,'Claims Analyst I - Remote','Brightli','Remote','https://hiring.cafe/viewjob/yetm8cd947ljxdbk','Applied','2025-11-11','2025-11-11 19:19:15','2025-11-11 19:53:54',91,NULL,'rwdorrington@gmail.com',28.57),(245,'HRIS Analyst I','TruGreen','Remote','https://hiring.cafe/viewjob/77wl2650x4ejptyc','Applied','2025-11-11','2025-11-11 19:19:15','2025-11-11 19:53:54',91,'$55k-$92k/yr','rwdorrington@gmail.com',20),(246,'Operations Finance Analyst I','Thermo Fisher Scientific','Remote','https://hiring.cafe/viewjob/u6h1nefqt3xlwrbz','Applied','2025-11-11','2025-11-11 19:19:15','2025-11-11 19:53:54',91,'$56k-$62k/yr','rwdorrington@gmail.com',12.5),(247,'Associate Quality Assurance Engineer','Evident Change','Remote','https://hiring.cafe/viewjob/wzridj3zs59tgz4z','Applied','2025-11-12','2025-11-12 00:32:17','2025-11-12 00:42:10',99,'$67k-$69k/yr','rwdorrington@gmail.com',0),(251,'Marketing Data Analyst Intern','Mercury General','Remote','https://hiring.cafe/viewjob/2takj2t60scsk8r9','Applied','2025-11-12','2025-11-12 02:01:56','2025-11-12 02:02:38',104,'$30/hr','rwdorrington@gmail.com',8.68),(253,'Software Engineer','SchoolRyde','Remote','https://hiring.cafe/viewjob/kadbd9hq65goxxy6','New','2025-11-12','2025-11-12 02:16:31','2025-11-12 02:16:31',110,NULL,'scraperbot448@gmail.com',58.75),(254,'Associate Software Engineer','Optum','Remote','https://hiring.cafe/viewjob/zvtenzvnq6piyabw','New','2025-11-12','2025-11-12 02:16:31','2025-11-12 02:16:31',110,'$59k-$105k/yr','scraperbot448@gmail.com',44.28),(255,'Software Engineer','IPT Global','Remote','https://hiring.cafe/viewjob/cduc81me1rixf1sz','New','2025-11-12','2025-11-12 02:16:31','2025-11-12 02:16:31',110,NULL,'scraperbot448@gmail.com',45.71),(256,'SOFTWARE ENGINEER 1 (Newport News, Virginia, United States)','Ingalls Shipbuilding','Remote','https://hiring.cafe/viewjob/exlpxwdgr01y1evm','New','2025-11-12','2025-11-12 02:16:31','2025-11-12 02:16:31',110,'$67k-$84k/yr','scraperbot448@gmail.com',19.26),(257,'Software Engineer I (entry)','Jerry.ai','Remote','https://hiring.cafe/viewjob/bsd2f8sbqq2gcc0f','New','2025-11-12','2025-11-12 02:16:31','2025-11-12 02:16:31',110,'$70k-$110k/yr','scraperbot448@gmail.com',34.92),(258,'Associate Software Engineer','Veterans United Home Loans','Remote','https://hiring.cafe/viewjob/57yhwro3qmtav12r','New','2025-11-12','2025-11-12 02:16:31','2025-11-12 02:16:31',110,NULL,'scraperbot448@gmail.com',17.9),(259,'Junior Software Engineer - Ruby','Covalent','Remote','https://hiring.cafe/viewjob/kn2xc4ju21m2kda2','New','2025-11-12','2025-11-12 02:16:31','2025-11-12 02:16:31',110,NULL,'scraperbot448@gmail.com',41.42),(260,'Full Stack Software Engineer','Cognizant Technology Solutions','Remote','https://hiring.cafe/viewjob/bva81diuu971zzau','New','2025-11-12','2025-11-12 02:16:31','2025-11-12 02:16:31',110,'$60k-$90k/yr','scraperbot448@gmail.com',32.68),(261,'Software Engineer (SDE-I) (173451)','ICICI Lombard','Remote','https://hiring.cafe/viewjob/2lxrxm80y5oc7e0h','New','2025-11-12','2025-11-12 02:16:31','2025-11-12 02:16:31',110,NULL,'scraperbot448@gmail.com',5),(262,'Software Engineer','River','Remote','https://hiring.cafe/viewjob/m2dz96bn4hnisuy8','New','2025-11-12','2025-11-12 02:16:31','2025-11-12 02:16:31',110,'$120k-$150k/yr','scraperbot448@gmail.com',12.62),(263,'Junior Python Software Engineer','Eqvilent','Remote','https://hiring.cafe/viewjob/9v78820u9vjje2nh','New','2025-11-12','2025-11-12 02:16:31','2025-11-12 02:16:31',110,NULL,'scraperbot448@gmail.com',23.68),(264,'Software Quality Assurance Engineer/Associate','Clubessential Holdings','Remote','https://hiring.cafe/viewjob/f4tu6xdk9hocnowv','New','2025-11-12','2025-11-12 02:16:31','2025-11-12 02:16:31',110,NULL,'scraperbot448@gmail.com',29.04),(265,'Network R&D Software Developer','Revelare Networks','Remote','https://hiring.cafe/viewjob/o8kwhkj23lg7htw9','New','2025-11-12','2025-11-12 02:16:31','2025-11-12 02:16:31',110,NULL,'scraperbot448@gmail.com',19.43),(266,'Front-End Software Developer TEMP (part-time, remote)','Bruker','Remote','https://hiring.cafe/viewjob/wh24lp0awu4l7d1d','New','2025-11-12','2025-11-12 02:16:31','2025-11-12 02:16:31',110,'$40-$50/hr','scraperbot448@gmail.com',16.18),(267,'Product, Platform & Enterprise Front End Software Engineer I/II (Remote - US) (REMOTE, US, US, 76131)','BNSF Railway','Remote','https://hiring.cafe/viewjob/doyzj6uutkg5s6wr','New','2025-11-12','2025-11-12 02:16:31','2025-11-12 02:16:31',110,'$94k-$175k/yr','scraperbot448@gmail.com',39.46),(268,'Full Stack Engineer','HHAeXchange','Remote','https://hiring.cafe/viewjob/0muo9k734scrjs1j','New','2025-11-12','2025-11-12 02:16:31','2025-11-12 02:16:31',110,'$100k-$140k/yr','scraperbot448@gmail.com',26.1),(269,'Field Service Engineer','Hitachi Energy','Remote','https://hiring.cafe/viewjob/r7nauhc3soxsn2wc','New','2025-11-12','2025-11-12 02:16:31','2025-11-12 02:16:31',110,'$21-$29/hr','scraperbot448@gmail.com',0),(270,'Automated Test Engineer','mPulse Mobile','Remote','https://hiring.cafe/viewjob/9zotuvu8c3dcvl5q','New','2025-11-12','2025-11-12 02:16:31','2025-11-12 02:16:31',110,NULL,'scraperbot448@gmail.com',48.49),(271,'Junior Developer','','Remote','https://hiring.cafe/viewjob/c4104tj5k7g25sqj','New','2025-11-12','2025-11-12 02:16:31','2025-11-12 02:16:31',110,NULL,'scraperbot448@gmail.com',13),(272,'Jr. Java Engineer (remote)','MultiPlan','Remote','https://hiring.cafe/viewjob/de08w1d649y2rb4f','New','2025-11-12','2025-11-12 02:16:31','2025-11-12 02:16:31',110,'$45-$55/hr','scraperbot448@gmail.com',28.14),(273,'Associate Quality Assurance Engineer','Evident Change','Remote','https://hiring.cafe/viewjob/wzridj3zs59tgz4z','New','2025-11-12','2025-11-12 02:16:31','2025-11-12 02:16:31',110,'$67k-$69k/yr','scraperbot448@gmail.com',25.7),(274,'Business Solutions Developer','Computer Services (CSI)','Remote','https://hiring.cafe/viewjob/wezwcnkjidqz8p35','New','2025-11-12','2025-11-12 02:16:31','2025-11-12 02:16:31',110,NULL,'scraperbot448@gmail.com',23.24),(275,'Let\'s begin! Software Engineering Intern (11118)','Moody’s','Remote','https://hiring.cafe/viewjob/rbuodgi0k6569xlh','New','2025-11-12','2025-11-12 02:16:31','2025-11-12 02:16:31',110,'$35/hr','scraperbot448@gmail.com',10.01),(276,'Junior Backend Engineer - 3 Month Contract','Internal Job Board','Remote','https://hiring.cafe/viewjob/1i0y6e0apl5qmyoe','New','2025-11-12','2025-11-12 02:16:31','2025-11-12 02:16:31',110,'$32/hr','scraperbot448@gmail.com',10.55),(277,'Junior AI/ML/NLP Engineer','WEX','Remote','https://hiring.cafe/viewjob/joreidihxfnoh2dp','New','2025-11-12','2025-11-12 02:16:31','2025-11-12 02:16:31',110,'$68k-$90k/yr','scraperbot448@gmail.com',21.36),(278,'Intern - Engineer - Summer 2026 (Remote, US)','Lumen Technologies','Remote','https://hiring.cafe/viewjob/yhbhjawd3yjvb4v3','New','2025-11-12','2025-11-12 02:16:31','2025-11-12 02:16:31',110,'$31-$46/hr','scraperbot448@gmail.com',35.96),(279,'Founding Support Engineer (Remote)','Reducto','Remote','https://hiring.cafe/viewjob/uqusylrze84zgc9z','New','2025-11-12','2025-11-12 02:16:31','2025-11-12 02:16:31',110,NULL,'scraperbot448@gmail.com',16.43),(280,'Entry-Level DevOps Engineer (Virtual)','Boeing','Remote','https://hiring.cafe/viewjob/i63d4293nxq6smtv','New','2025-11-12','2025-11-12 02:16:31','2025-11-12 02:16:31',110,'$70k-$108k/yr','scraperbot448@gmail.com',22.39),(281,'Senior Markets Developer','Internal Cypress Automated Testing Co','Remote','https://hiring.cafe/viewjob/0p0tjohj2fsg3sps','New','2025-11-12','2025-11-12 02:16:31','2025-11-12 02:16:31',110,NULL,'scraperbot448@gmail.com',0),(282,'Junior Salesforce Solution Engineer','COPE Health Solutions','Remote','https://hiring.cafe/viewjob/lgbubmjgmcvh4vzd','New','2025-11-12','2025-11-12 02:16:31','2025-11-12 02:16:31',110,'$35-$50/hr','scraperbot448@gmail.com',7.45),(283,'Front-End Web Engineer (Remote)','Experian','Remote','https://hiring.cafe/viewjob/rdlwo5zjldi6tjqb','New','2025-11-12','2025-11-12 02:16:31','2025-11-12 02:16:31',110,'$64k-$111k/yr','scraperbot448@gmail.com',32.76),(284,'Raventek Solution Partners LLC - Junior Developer','RavenTek','Remote','https://hiring.cafe/viewjob/kyqyyl4np9gh7j1h','New','2025-11-12','2025-11-12 02:16:31','2025-11-12 02:16:31',110,NULL,'scraperbot448@gmail.com',30.44),(285,'Jr. Full Stack Developer','Elementsolutions','Remote','https://hiring.cafe/viewjob/ys8dixkqze7u6qak','New','2025-11-12','2025-11-12 02:16:31','2025-11-12 02:16:31',110,'$85k-$110k/yr','scraperbot448@gmail.com',54.21),(286,'Business Solutions Developer I','Centene','Remote','https://hiring.cafe/viewjob/n2lxjwh4bx6fdtow','New','2025-11-12','2025-11-12 02:16:31','2025-11-12 02:16:31',110,'$55k-$99k/yr','scraperbot448@gmail.com',13.91),(287,'Junior Full Stack .NET Developer','Mitchell International, Inc.','Remote','https://hiring.cafe/viewjob/ororgu676hxziwdg','New','2025-11-12','2025-11-12 02:16:31','2025-11-12 02:16:31',110,'$28-$38/hr','scraperbot448@gmail.com',24.48),(288,'Website Designer/Developer Intern (WordPress) - 10-15 hrs/week, Remote','Work Right NW','Remote','https://hiring.cafe/viewjob/roqztmmtg8ogmx7c','New','2025-11-12','2025-11-12 02:16:31','2025-11-12 02:16:31',110,'$25-$35/hr','scraperbot448@gmail.com',32.06),(289,'Open Talent Pool - Junior Developers','The Patrick J McGovern Foundation','Remote','https://hiring.cafe/viewjob/5jw3dpf5p6gwfm34','New','2025-11-12','2025-11-12 02:16:31','2025-11-12 02:16:31',110,NULL,'scraperbot448@gmail.com',0),(290,'Substation P&C Drafting Technician','ICF','Remote','https://hiring.cafe/viewjob/ymt1ldc4vcbgm2jx','New','2025-11-12','2025-11-12 02:16:31','2025-11-12 02:16:31',110,'$38k-$64k/yr','scraperbot448@gmail.com',6.67),(291,'Intern - IT Application Development','SelectQuote','Remote','https://hiring.cafe/viewjob/dpii7n6yk8b3xjgw','New','2025-11-12','2025-11-12 02:16:31','2025-11-12 02:16:31',110,'$18/hr','scraperbot448@gmail.com',45.69),(292,'Software Developer I NA','Archarithms','Remote','https://hiring.cafe/viewjob/mwvd06x4pgirdj73','Applied','2025-11-13','2025-11-13 20:45:09','2025-11-13 20:53:58',138,NULL,'rwdorrington@gmail.com',12.77),(293,'Junior Software Engineer','Commonlit','Remote','https://hiring.cafe/viewjob/m0skswfx4i7lsmvz','Applied','2025-11-13','2025-11-13 20:45:09','2025-11-13 20:53:58',138,'$85k-$100k/yr','rwdorrington@gmail.com',23.93),(294,'Test Engineer','Ocado','Remote','https://hiring.cafe/viewjob/xqsbjb5lxie36h7h','Ignored','2025-11-13','2025-11-13 20:45:09','2025-11-13 20:53:58',138,NULL,'rwdorrington@gmail.com',22.04),(295,'Freelance GenAI Developer - Prompt Engineering & Data Workflows','Mindrift','Remote','https://hiring.cafe/viewjob/9kbesenjwdp33vuc','Ignored','2025-11-13','2025-11-13 20:45:09','2025-11-13 20:53:58',138,'$20/hr','rwdorrington@gmail.com',0),(296,'Junior Android Developer','Miquido','Remote','https://hiring.cafe/viewjob/5wba7bk5209xx8ky','Ignored','2025-11-13','2025-11-13 20:45:09','2025-11-13 20:53:58',138,NULL,'rwdorrington@gmail.com',0),(297,'Associate Software Engineer','BlueCross BlueShield of Tennessee','Remote','https://hiring.cafe/viewjob/e9j2vxma0jvh0owb','Ignored','2025-11-14','2025-11-14 04:55:23','2025-11-14 05:13:46',149,NULL,'rwdorrington@gmail.com',31.81),(298,'IT Analyst - Level 1 Developer (Durham, NC, US, 27710)','Duke University','Remote','https://hiring.cafe/viewjob/3dhxuze7k0m9po2q','Applied','2025-11-14','2025-11-14 04:55:23','2025-11-14 05:13:46',149,NULL,'rwdorrington@gmail.com',0),(299,'DSFederal Inc - Associate AI Engineer','DSFederal','Remote','https://hiring.cafe/viewjob/9w3xicwsewhmidsx','Applied','2025-11-14','2025-11-14 18:44:59','2025-11-14 18:48:46',151,NULL,'rwdorrington@gmail.com',0),(379,'Mathematics Tutor (Remote)','Tutor Me Education','Bronxville, NY','https://www.linkedin.com/jobs/view/mathematics-tutor-remote-at-tutor-me-education-4340592040?position=7&pageNum=2&refId=D5%2F%2FQdnxxYNIqbcPKpqEaQ%3D%3D&trackingId=wOGjssX70m2KkdsSObmyBg%3D%3D','Ignored','2025-11-14','2025-11-14 19:42:27','2025-11-14 19:57:48',159,NULL,'rwdorrington@gmail.com',0),(380,'','Jobgether','Estados Unidos','https://www.linkedin.com/jobs/view/it-infrastructure-architect-remote-us-at-jobgether-4340650465?position=7&pageNum=2&refId=eqCngDE3fB%2FzU7E4RkfH9A%3D%3D&trackingId=uQbdPKaKafoXuR2jLPXy%2FA%3D%3D','New','2025-11-14','2025-11-14 19:55:07','2025-11-14 19:55:07',160,NULL,'brant.pastore@gmail.com',NULL),(381,'HR Generalist','Cutsforth','Estados Unidos','https://www.linkedin.com/jobs/view/hr-generalist-at-cutsforth-4316292369?position=8&pageNum=2&refId=eqCngDE3fB%2FzU7E4RkfH9A%3D%3D&trackingId=6KD7Yx0rjILT04WyPFUnBg%3D%3D','New','2025-11-14','2025-11-14 19:55:07','2025-11-14 19:55:07',160,NULL,'brant.pastore@gmail.com',NULL),(382,'Sr Cloud Engineer','Ollion','Austin, Texas, Estados Unidos','https://www.linkedin.com/jobs/view/sr-cloud-engineer-at-ollion-4336251487?position=9&pageNum=2&refId=eqCngDE3fB%2FzU7E4RkfH9A%3D%3D&trackingId=jwCm3JcsQReuKpMsHak7Sg%3D%3D','New','2025-11-14','2025-11-14 19:55:07','2025-11-14 19:55:07',160,NULL,'brant.pastore@gmail.com',NULL),(383,'Infrastructure Engineer (Remote - US)','Jobgether','Estados Unidos','https://www.linkedin.com/jobs/view/infrastructure-engineer-remote-us-at-jobgether-4340409898?position=10&pageNum=2&refId=eqCngDE3fB%2FzU7E4RkfH9A%3D%3D&trackingId=USbCIUFOc4ZKg%2Fh59w0Xnw%3D%3D','New','2025-11-14','2025-11-14 19:55:07','2025-11-14 19:55:07',160,NULL,'brant.pastore@gmail.com',NULL);
/*!40000 ALTER TABLE `jobs` ENABLE KEYS */;
UNLOCK TABLES;

--
-- Table structure for table `scrape_sessions`
--

DROP TABLE IF EXISTS `scrape_sessions`;
/*!40101 SET @saved_cs_client     = @@character_set_client */;
/*!50503 SET character_set_client = utf8mb4 */;
CREATE TABLE `scrape_sessions` (
  `scrape_session_id` int NOT NULL AUTO_INCREMENT,
  `keywords` varchar(255) NOT NULL,
  `timestamp` datetime NOT NULL,
  `status` enum('Running','Complete','Failed') NOT NULL DEFAULT 'Running',
  `log` varchar(1000) NOT NULL,
  `created_at` timestamp NOT NULL DEFAULT CURRENT_TIMESTAMP,
  `updated_at` datetime NOT NULL DEFAULT CURRENT_TIMESTAMP ON UPDATE CURRENT_TIMESTAMP,
  `query_id` int DEFAULT NULL,
  `user_email` varchar(255) DEFAULT NULL,
  PRIMARY KEY (`scrape_session_id`),
  KEY `fk_scrape_query` (`query_id`),
  CONSTRAINT `fk_scrape_query` FOREIGN KEY (`query_id`) REFERENCES `job_query` (`query_id`) ON DELETE CASCADE
) ENGINE=InnoDB AUTO_INCREMENT=181 DEFAULT CHARSET=latin1;
/*!40101 SET character_set_client = @saved_cs_client */;

--
-- Dumping data for table `scrape_sessions`
--

LOCK TABLES `scrape_sessions` WRITE;
/*!40000 ALTER TABLE `scrape_sessions` DISABLE KEYS */;
INSERT INTO `scrape_sessions` VALUES (1,'Software Engineer','2025-10-25 14:38:15','Complete','Scrape completed. Found 40 job listings.','2025-10-27 18:31:32','2025-11-05 23:44:17',NULL,'rwdorrington@gmail.com'),(2,'Quality Assurance Engineer','2025-10-25 14:38:41','Complete','Scrape completed. Found 1 job listings.','2025-10-27 18:31:32','2025-11-05 23:44:17',NULL,'rwdorrington@gmail.com'),(3,'Frontend Developer','2025-10-25 14:38:54','Complete','Scrape completed. Found 3 job listings.','2025-10-27 18:31:32','2025-11-05 23:44:17',NULL,'rwdorrington@gmail.com'),(4,'Backend Developer','2025-10-25 14:39:07','Complete','Scrape completed. Found 1 job listings.','2025-10-27 18:31:32','2025-11-05 23:44:17',NULL,'rwdorrington@gmail.com'),(5,'Data Analyst','2025-10-25 14:39:28','Complete','Scrape completed. Found 40 job listings.','2025-10-27 18:31:32','2025-11-05 23:44:17',NULL,'rwdorrington@gmail.com'),(6,'Software Engineer','2025-10-27 13:44:39','Complete','Scrape completed. Found 2 job listings.','2025-10-27 18:31:32','2025-11-05 23:44:17',NULL,'rwdorrington@gmail.com'),(7,'Software Developer','2025-10-27 13:51:11','Complete','Scrape completed. Found 2 job listings.','2025-10-27 18:31:32','2025-11-05 23:44:17',NULL,'rwdorrington@gmail.com'),(8,'Full-Stack Developer','2025-10-27 14:05:49','Complete','Scrape completed. Found 2 job listings.','2025-10-27 18:31:32','2025-11-05 23:44:17',NULL,'rwdorrington@gmail.com'),(9,'Full-Stack Developer','2025-10-27 14:07:39','Complete','Scrape completed. Found 2 job listings.','2025-10-27 18:31:32','2025-11-05 23:44:17',NULL,'rwdorrington@gmail.com'),(10,'Web Developer','2025-10-27 14:08:46','Complete','Scrape completed. Found 2 job listings.','2025-10-27 18:31:32','2025-11-05 23:44:17',NULL,'rwdorrington@gmail.com'),(11,'Web Developer','2025-10-27 14:16:06','Complete','Scrape completed. Found 1 job listings.','2025-10-27 18:31:32','2025-11-05 23:44:17',NULL,'rwdorrington@gmail.com'),(12,'Web Developer','2025-10-27 14:19:50','Complete','Scrape completed. Found 1 job listings.','2025-10-27 18:31:32','2025-11-05 23:44:17',NULL,'rwdorrington@gmail.com'),(13,'Software Test Engineer','2025-10-27 14:39:11','Complete','Scrape completed. Found 0 job listings.','2025-10-27 18:39:10','2025-11-05 23:44:17',NULL,'rwdorrington@gmail.com'),(14,'Software Engineer','2025-10-27 14:39:28','Complete','Scrape completed. Found 40 job listings.','2025-10-27 18:39:27','2025-11-05 23:44:17',NULL,'rwdorrington@gmail.com'),(15,'Software Engineer','2025-10-28 12:32:16','Complete','Scrape completed. Found 11 job listings.','2025-10-28 16:32:15','2025-11-05 23:44:17',NULL,'rwdorrington@gmail.com'),(16,'Quality Assurance Engineer','2025-10-28 12:32:37','Complete','Scrape completed. Found 0 job listings.','2025-10-28 16:32:37','2025-11-05 23:44:17',NULL,'rwdorrington@gmail.com'),(17,'Full-Stack Developer','2025-10-28 12:32:58','Complete','Scrape completed. Found 1 job listings.','2025-10-28 16:32:58','2025-11-05 23:44:17',NULL,'rwdorrington@gmail.com'),(18,'Data Analyst','2025-10-28 12:33:17','Complete','Scrape completed. Found 6 job listings.','2025-10-28 16:33:17','2025-11-05 23:44:17',NULL,'rwdorrington@gmail.com'),(20,'Azure Engineer','2025-10-28 13:45:18','Complete','Scrape completed. Found 40 job listings.','2025-10-28 17:45:17','2025-11-05 23:44:17',NULL,'rwdorrington@gmail.com'),(22,'nurse','2025-10-28 14:17:08','Complete','Scrape completed. Found 9 job listings.','2025-10-28 18:17:08','2025-11-05 23:44:17',NULL,'rwdorrington@gmail.com'),(23,'nurse','2025-10-28 14:20:54','Complete','Scrape completed. Found 9 job listings.','2025-10-28 18:20:54','2025-11-05 23:44:17',NULL,'rwdorrington@gmail.com'),(24,'nurse','2025-10-28 14:25:30','Complete','Scrape completed. Found 9 job listings.','2025-10-28 18:25:29','2025-11-05 23:44:17',NULL,'rwdorrington@gmail.com'),(25,'nurse','2025-10-28 14:26:52','Complete','Scrape completed. Found 9 job listings.','2025-10-28 18:26:52','2025-11-05 23:44:17',NULL,'rwdorrington@gmail.com'),(26,'nurse','2025-10-28 14:28:35','Complete','Scrape completed. Found 9 job listings.','2025-10-28 18:28:35','2025-11-05 23:44:17',NULL,'rwdorrington@gmail.com'),(27,'nurse','2025-10-28 14:30:23','Complete','Scrape completed. Found 9 job listings.','2025-10-28 18:30:23','2025-11-05 23:44:17',NULL,'rwdorrington@gmail.com'),(28,'Software Engineer','2025-10-28 15:15:55','Complete','Scrape completed. Found 11 job listings.','2025-10-28 19:15:55','2025-11-05 23:44:17',NULL,'rwdorrington@gmail.com'),(29,'Software Engineer','2025-10-29 12:51:49','Complete','Scrape completed. Found 14 job listings.','2025-10-29 16:51:49','2025-11-05 23:44:17',NULL,'rwdorrington@gmail.com'),(30,'Data Analyst','2025-10-29 13:03:52','Complete','Scrape completed. Found 11 job listings.','2025-10-29 17:03:51','2025-11-05 23:44:17',NULL,'rwdorrington@gmail.com'),(31,'Software Engineer','2025-10-29 14:05:42','Complete','Scrape completed. Found 14 job listings.','2025-10-29 18:05:41','2025-11-05 23:44:17',NULL,'rwdorrington@gmail.com'),(32,'Software Engineer','2025-10-30 19:00:33','Complete','Scrape completed. Found 11 job listings.','2025-10-30 23:00:32','2025-11-05 23:44:17',NULL,'rwdorrington@gmail.com'),(33,'Data Analyst','2025-10-30 19:12:21','Complete','Scrape completed. Found 11 job listings.','2025-10-30 23:12:20','2025-11-05 23:44:17',NULL,'rwdorrington@gmail.com'),(34,'Software Test Engineer','2025-10-30 20:30:16','Complete','Scrape completed. Found 0 job listings.','2025-10-31 00:30:16','2025-11-05 23:44:17',NULL,'rwdorrington@gmail.com'),(35,'Software Engineer','2025-10-31 14:24:56','Complete','Scrape completed. Found 9 job listings.','2025-10-31 18:24:55','2025-11-05 23:44:17',NULL,'rwdorrington@gmail.com'),(36,'Software Engineer','2025-11-01 13:12:27','Complete','Scrape completed. Found 11 job listings.','2025-11-01 17:12:27','2025-11-05 23:44:17',NULL,'rwdorrington@gmail.com'),(37,'Software Engineer','2025-11-02 22:11:12','Complete','Scrape completed. Found 39 job listings.','2025-11-03 03:11:11','2025-11-05 23:44:17',NULL,'rwdorrington@gmail.com'),(38,'Software Engineer','2025-11-03 14:28:40','Complete','Scrape completed. Found 1 job listings.','2025-11-03 19:28:40','2025-11-05 23:44:17',NULL,'rwdorrington@gmail.com'),(39,'Quality Assurance Engineer','2025-11-03 14:30:19','Complete','Scrape completed. Found 0 job listings.','2025-11-03 19:30:19','2025-11-05 23:44:17',NULL,'rwdorrington@gmail.com'),(40,'Software Engineer','2025-11-03 18:09:59','Complete','Scrape completed. Found 3 job listings.','2025-11-03 23:09:59','2025-11-05 23:44:17',NULL,'rwdorrington@gmail.com'),(41,'Software Engineer','2025-11-04 12:16:23','Complete','Scrape completed. Found 9 job listings.','2025-11-04 17:16:22','2025-11-05 23:44:17',NULL,'rwdorrington@gmail.com'),(42,'Data Analyst','2025-11-04 12:42:52','Complete','Scrape completed. Found 7 job listings.','2025-11-04 17:42:52','2025-11-05 23:44:17',NULL,'rwdorrington@gmail.com'),(43,'Software Engineer','2025-11-04 13:40:54','Complete','Scrape completed. Found 40 job listings.','2025-11-04 18:40:53','2025-11-05 23:44:17',NULL,'rwdorrington@gmail.com'),(47,'Software Engineer','2025-11-04 20:04:00','Complete','Scrape completed. Found 11 job listings.','2025-11-04 20:04:00','2025-11-05 23:44:17',51,'rwdorrington@gmail.com'),(48,'Software Engineer','2025-11-05 01:06:00','Complete','Scrape completed. Found 4 job listings.','2025-11-05 01:06:00','2025-11-05 23:44:17',52,'rwdorrington@gmail.com'),(49,'Software Engineer','2025-11-05 01:15:56','Complete','Scrape completed. Found 4 job listings.','2025-11-05 01:15:56','2025-11-05 23:44:17',53,'rwdorrington@gmail.com'),(50,'Software Engineer','2025-11-05 01:16:59','Complete','Scrape completed. Found 4 job listings.','2025-11-05 01:16:59','2025-11-05 23:44:17',54,'rwdorrington@gmail.com'),(51,'Software Engineer','2025-11-05 01:19:03','Complete','Scrape completed. Found 4 job listings.','2025-11-05 01:19:03','2025-11-05 23:44:17',55,'rwdorrington@gmail.com'),(52,'Software Engineer','2025-11-05 01:33:05','Complete','Scrape completed. Found 4 job listings.','2025-11-05 01:33:04','2025-11-05 23:44:17',56,'rwdorrington@gmail.com'),(53,'Software Engineer','2025-11-05 01:35:04','Complete','Scrape completed. Found 4 job listings.','2025-11-05 01:35:03','2025-11-05 23:44:17',57,'rwdorrington@gmail.com'),(54,'Software Engineer','2025-11-05 02:20:58','Complete','Scrape completed. Found 6 job listings.','2025-11-05 02:20:58','2025-11-05 23:44:17',58,'rwdorrington@gmail.com'),(55,'Software Engineer','2025-11-05 20:35:10','Complete','Scrape completed. Found 11 job listings.','2025-11-05 20:35:09','2025-11-05 23:44:17',59,'rwdorrington@gmail.com'),(56,'Software Engineer','2025-11-06 01:10:18','Complete','Scrape completed. Found 1 job listings.','2025-11-06 01:10:18','2025-11-06 01:10:25',60,'rwdorrington@gmail.com'),(57,'Software Engineer','2025-11-06 01:10:55','Complete','Scrape completed. Found 17 job listings.','2025-11-06 01:10:54','2025-11-06 01:11:00',61,'rwdorrington@gmail.com'),(58,'Quality Assurance Engineer','2025-11-06 01:16:51','Complete','Scrape completed. Found 0 job listings.','2025-11-06 01:16:50','2025-11-06 01:16:55',62,'rwdorrington@gmail.com'),(59,'Software Engineer','2025-11-06 01:19:44','Complete','Scrape completed. Found 1 job listings.','2025-11-06 01:19:43','2025-11-06 01:19:48',63,'rwdorrington@gmail.com'),(60,'Software Engineer','2025-11-06 01:20:01','Complete','Scrape completed. Found 1 job listings.','2025-11-06 01:20:00','2025-11-06 01:20:05',64,'rwdorrington@gmail.com'),(61,'Software Engineer','2025-11-06 01:20:45','Complete','Scrape completed. Found 1 job listings.','2025-11-06 01:20:45','2025-11-06 01:20:49',65,'rwdorrington@gmail.com'),(62,'Software Engineer','2025-11-06 01:24:19','Complete','Scrape completed. Found 1 job listings.','2025-11-06 01:24:18','2025-11-06 01:24:24',66,'rwdorrington@gmail.com'),(63,'Software Engineer','2025-11-06 01:25:30','Complete','Scrape completed. Found 1 job listings.','2025-11-06 01:25:29','2025-11-06 01:25:34',67,'rwdorrington@gmail.com'),(64,'Data Analyst','2025-11-06 01:26:11','Complete','Scrape completed. Found 0 job listings.','2025-11-06 01:26:11','2025-11-06 01:26:14',68,'rwdorrington@gmail.com'),(65,'Automation Engineer','2025-11-06 01:26:35','Complete','Scrape completed. Found 0 job listings.','2025-11-06 01:26:35','2025-11-06 01:26:39',69,'rwdorrington@gmail.com'),(66,'Software Engineer','2025-11-06 20:18:14','Complete','Scrape completed. Found 7 job listings.','2025-11-06 20:18:13','2025-11-06 20:18:19',70,'rwdorrington@gmail.com'),(67,'Software Engineer','2025-11-07 02:18:47','Complete','Scrape completed. Found 2 job listings.','2025-11-07 02:18:47','2025-11-07 02:18:52',71,'rwdorrington@gmail.com'),(68,'Quality Assurance Engineer','2025-11-07 02:19:09','Complete','Scrape completed. Found 0 job listings.','2025-11-07 02:19:09','2025-11-07 02:19:13',72,'rwdorrington@gmail.com'),(69,'Data Analyst','2025-11-07 02:19:20','Complete','Scrape completed. Found 1 job listings.','2025-11-07 02:19:20','2025-11-07 02:19:24',73,'rwdorrington@gmail.com'),(70,'Software Engineer','2025-11-07 19:04:37','Complete','Scrape completed. Found 9 job listings.','2025-11-07 19:04:36','2025-11-07 19:04:43',74,'rwdorrington@gmail.com'),(71,'Software Engineer','2025-11-08 00:37:56','Complete','Scrape completed. Found 4 job listings.','2025-11-08 00:37:56','2025-11-08 00:38:02',75,'rwdorrington@gmail.com'),(72,'Data Analyst','2025-11-08 00:41:27','Complete','Scrape completed. Found 0 job listings.','2025-11-08 00:41:27','2025-11-08 00:41:31',76,'rwdorrington@gmail.com'),(82,'Software Engineer','2025-11-09 17:14:55','Complete','Scrape completed. Found 40 job listings.','2025-11-09 17:14:55','2025-11-09 17:15:03',86,'rwdorrington@gmail.com'),(83,'Software Engineer','2025-11-10 17:32:20','Complete','Scrape completed. Found 0 job listings.','2025-11-10 17:32:20','2025-11-10 17:32:25',87,'rwdorrington@gmail.com'),(84,'Software Engineer','2025-11-10 17:32:40','Complete','Scrape completed. Found 37 job listings.','2025-11-10 17:32:40','2025-11-10 17:32:47',88,'rwdorrington@gmail.com'),(85,'Software Engineer','2025-11-10 18:37:20','Complete','Scrape completed. Found 0 job listings.','2025-11-10 18:37:20','2025-11-10 18:37:27',89,'rwdorrington@gmail.com'),(86,'Data Analyst','2025-11-10 18:40:31','Complete','Scrape completed. Found 0 job listings.','2025-11-10 18:40:31','2025-11-10 18:40:34',90,'rwdorrington@gmail.com'),(87,'nurse','2025-11-10 18:40:48','Complete','Scrape completed. Found 0 job listings.','2025-11-10 18:40:47','2025-11-10 18:40:52',91,'rwdorrington@gmail.com'),(88,'Software Engineer','2025-11-10 19:17:33','Complete','Scrape completed. Found 0 job listings.','2025-11-10 19:17:33','2025-11-10 19:17:38',92,'rwdorrington@gmail.com'),(89,'Software Engineer','2025-11-11 00:01:30','Complete','Scrape completed. Found 0 job listings.','2025-11-11 00:01:29','2025-11-11 00:01:37',93,'rwdorrington@gmail.com'),(90,'Software Engineer','2025-11-11 19:06:23','Complete','Scrape completed. Found 5 job listings.','2025-11-11 19:06:22','2025-11-11 19:06:28',94,'rwdorrington@gmail.com'),(91,'Data Analyst','2025-11-11 19:19:09','Complete','Scrape completed. Found 8 job listings.','2025-11-11 19:19:09','2025-11-11 19:19:15',95,'rwdorrington@gmail.com'),(92,'Software Engineer','2025-11-11 23:14:47','Complete','Scrape completed. Found 5 job listings.','2025-11-11 23:14:46','2025-11-11 23:14:52',96,'rwdorrington@gmail.com'),(93,'Software Engineer','2025-11-12 00:16:35','Running','Scrape started.','2025-11-12 00:16:35','2025-11-12 00:16:35',97,'rwdorrington@gmail.com'),(94,'Software Engineer','2025-11-12 00:16:40','Running','Scrape started.','2025-11-12 00:16:39','2025-11-12 00:16:39',98,'rwdorrington@gmail.com'),(95,'Software Engineer','2025-11-12 00:20:49','Running','Scrape started.','2025-11-12 00:20:49','2025-11-12 00:20:49',99,'rwdorrington@gmail.com'),(96,'Software Engineer','2025-11-12 00:28:07','Running','Scrape started.','2025-11-12 00:28:07','2025-11-12 00:28:07',100,'rwdorrington@gmail.com'),(97,'Software Engineer','2025-11-12 00:29:51','Running','Scrape started.','2025-11-12 00:29:51','2025-11-12 00:29:51',101,'rwdorrington@gmail.com'),(98,'Software Engineer','2025-11-12 00:31:04','Complete','Scrape completed. Found 0 job listings.','2025-11-12 00:31:03','2025-11-12 00:31:10',102,'rwdorrington@gmail.com'),(99,'Software Engineer','2025-11-12 00:32:11','Complete','Scrape completed. Found 39 job listings.','2025-11-12 00:32:10','2025-11-12 00:32:17',103,'rwdorrington@gmail.com'),(100,'Data Analyst','2025-11-12 01:36:24','Complete','Scrape completed. Found 2 job listings.','2025-11-12 01:36:23','2025-11-12 01:36:28',104,'rwdorrington@gmail.com'),(101,'Data Analyst','2025-11-12 01:39:25','Complete','Scrape completed. Found 2 job listings.','2025-11-12 01:39:25','2025-11-12 01:39:29',105,'rwdorrington@gmail.com'),(102,'Data Analyst','2025-11-12 01:52:06','Complete','Scrape completed. Found 2 job listings.','2025-11-12 01:52:06','2025-11-12 01:52:12',106,'rwdorrington@gmail.com'),(103,'Data Analyst','2025-11-12 01:55:02','Complete','Scrape completed. Found 2 job listings.','2025-11-12 01:55:02','2025-11-12 01:55:06',107,'rwdorrington@gmail.com'),(104,'Data Analyst','2025-11-12 02:01:48','Complete','Scrape completed. Found 2 job listings.','2025-11-12 02:01:48','2025-11-12 02:01:56',108,'rwdorrington@gmail.com'),(105,'Software Engineer','2025-11-12 02:02:46','Complete','Scrape completed. Found 0 job listings.','2025-11-12 02:02:45','2025-11-12 02:02:51',109,'rwdorrington@gmail.com'),(106,'Software Engineer','2025-11-12 02:03:01','Complete','Scrape completed. Found 39 job listings.','2025-11-12 02:03:00','2025-11-12 02:03:07',110,'rwdorrington@gmail.com'),(107,'Software Engineer','2025-11-12 02:04:11','Complete','Scrape completed. Found 0 job listings.','2025-11-12 02:04:10','2025-11-12 02:04:14',111,'scraperbot448@gmail.com'),(108,'Software Engineer','2025-11-12 02:04:22','Complete','Scrape completed. Found 39 job listings.','2025-11-12 02:04:22','2025-11-12 02:04:28',112,'scraperbot448@gmail.com'),(109,'Software Engineer','2025-11-12 02:13:10','Running','Scrape started.','2025-11-12 02:13:09','2025-11-12 02:13:09',113,'scraperbot448@gmail.com'),(110,'Software Engineer','2025-11-12 02:16:23','Complete','Scrape completed. Found 39 job listings.','2025-11-12 02:16:23','2025-11-12 02:16:31',114,'scraperbot448@gmail.com'),(111,'Software Engineer','2025-11-12 04:20:34','Complete','Scrape completed. Found 0 job listings.','2025-11-12 04:20:33','2025-11-12 04:20:40',115,'rwdorrington@gmail.com'),(112,'Software Engineer','2025-11-12 04:21:24','Complete','Scrape completed. Found 0 job listings.','2025-11-12 04:21:23','2025-11-12 04:21:29',116,'rwdorrington@gmail.com'),(113,'Software Engineer','2025-11-12 04:24:54','Complete','Scrape completed. Found 0 job listings.','2025-11-12 04:24:54','2025-11-12 04:24:59',117,'rwdorrington@gmail.com'),(114,'Software Engineer','2025-11-12 05:13:47','Complete','Scrape completed. Found 0 job listings.','2025-11-12 05:13:47','2025-11-12 05:13:53',118,'rwdorrington@gmail.com'),(115,'Software Engineer','2025-11-12 17:35:10','Complete','Scrape completed. Found 0 job listings.','2025-11-12 17:35:09','2025-11-12 17:35:09',119,'rwdorrington@gmail.com'),(116,'Software Engineer','2025-11-12 17:47:29','Complete','Scrape completed. Found 36 job listings.','2025-11-12 17:47:28','2025-11-12 17:47:28',120,'rwdorrington@gmail.com'),(117,'Software Engineer','2025-11-12 17:49:11','Complete','Scrape completed. Found 36 job listings.','2025-11-12 17:49:10','2025-11-12 17:49:10',121,'rwdorrington@gmail.com'),(118,'Software Engineer','2025-11-12 17:51:24','Complete','Scrape completed. Found 37 job listings.','2025-11-12 17:51:24','2025-11-12 17:51:24',122,'rwdorrington@gmail.com'),(119,'Software Engineer','2025-11-12 18:17:51','Complete','Scrape completed. Found 0 job listings.','2025-11-12 18:17:50','2025-11-12 18:17:50',123,'rwdorrington@gmail.com'),(120,'Software Engineer','2025-11-12 18:18:52','Complete','Scrape completed. Found 0 job listings.','2025-11-12 18:18:52','2025-11-12 18:18:52',124,'rwdorrington@gmail.com'),(121,'Software Engineer','2025-11-12 18:22:20','Complete','Scrape completed. Found 0 job listings.','2025-11-12 18:22:19','2025-11-12 18:22:19',125,'rwdorrington@gmail.com'),(122,'Software Engineer','2025-11-12 18:26:44','Complete','Scrape completed. Found 0 job listings.','2025-11-12 18:26:44','2025-11-12 18:26:44',126,'rwdorrington@gmail.com'),(123,'Software Engineer','2025-11-12 18:29:00','Complete','Scrape completed. Found 0 job listings.','2025-11-12 18:29:00','2025-11-12 18:29:00',127,'rwdorrington@gmail.com'),(124,'Software Engineer','2025-11-12 18:30:19','Complete','Scrape completed. Found 0 job listings.','2025-11-12 18:30:19','2025-11-12 18:30:19',128,'rwdorrington@gmail.com'),(125,'Software Engineer','2025-11-12 18:30:59','Complete','Scrape completed. Found 0 job listings.','2025-11-12 18:30:59','2025-11-12 18:30:59',129,'rwdorrington@gmail.com'),(126,'Software Engineer','2025-11-12 18:34:22','Complete','Scrape completed. Found 0 job listings.','2025-11-12 18:34:22','2025-11-12 18:34:22',130,'rwdorrington@gmail.com'),(127,'Software Engineer','2025-11-12 18:38:38','Complete','Scrape completed. Found 0 job listings.','2025-11-12 18:38:37','2025-11-12 18:38:37',131,'rwdorrington@gmail.com'),(128,'Software Engineer','2025-11-12 18:41:54','Complete','Scrape completed. Found 0 job listings.','2025-11-12 18:41:54','2025-11-12 18:41:54',132,'rwdorrington@gmail.com'),(129,'Software Engineer','2025-11-12 18:42:37','Complete','Scrape completed. Found 0 job listings.','2025-11-12 18:42:37','2025-11-12 18:42:37',133,'rwdorrington@gmail.com'),(130,'Software Engineer','2025-11-12 18:48:10','Complete','Scrape completed. Found 0 job listings.','2025-11-12 18:48:09','2025-11-12 18:48:09',134,'rwdorrington@gmail.com'),(131,'Software Engineer','2025-11-12 18:49:36','Complete','Scrape completed. Found 0 job listings.','2025-11-12 18:49:36','2025-11-12 18:49:36',135,'rwdorrington@gmail.com'),(132,'Software Engineer','2025-11-12 18:52:54','Complete','Scrape completed. Found 0 job listings.','2025-11-12 18:52:53','2025-11-12 18:52:53',136,'rwdorrington@gmail.com'),(133,'Software Engineer','2025-11-12 18:57:44','Complete','Scrape completed. Found 0 job listings.','2025-11-12 18:57:43','2025-11-12 18:57:43',137,'rwdorrington@gmail.com'),(134,'Software Engineer','2025-11-12 18:58:32','Complete','Scrape completed. Found 0 job listings.','2025-11-12 18:58:31','2025-11-12 18:58:31',138,'rwdorrington@gmail.com'),(135,'Software Engineer','2025-11-12 19:03:07','Complete','Scrape completed. Found 0 job listings.','2025-11-12 19:03:06','2025-11-12 19:03:06',139,'rwdorrington@gmail.com'),(136,'Software Engineer','2025-11-12 20:31:27','Complete','Scrape completed. Found 0 job listings.','2025-11-12 20:31:27','2025-11-12 20:31:27',140,'rwdorrington@gmail.com'),(137,'Software Engineer','2025-11-12 20:33:50','Complete','Scrape completed. Found 5 job listings.','2025-11-12 20:33:49','2025-11-12 20:33:49',141,'rwdorrington@gmail.com'),(138,'Software Engineer','2025-11-13 20:45:09','Complete','Scrape completed. Found 10 job listings.','2025-11-13 20:45:09','2025-11-13 20:45:09',142,'rwdorrington@gmail.com'),(139,'Software Engineer','2025-11-13 23:44:57','Complete','Scrape completed. Found 0 job listings.','2025-11-13 23:44:56','2025-11-13 23:44:56',143,'rwdorrington@gmail.com'),(140,'Software Engineer','2025-11-13 23:52:09','Complete','Scrape completed. Found 0 job listings.','2025-11-13 23:52:08','2025-11-13 23:52:08',144,'rwdorrington@gmail.com'),(141,'Software Engineer','2025-11-13 23:56:20','Complete','Scrape completed. Found 0 job listings.','2025-11-13 23:56:20','2025-11-13 23:56:20',145,'rwdorrington@gmail.com'),(142,'Software Engineer','2025-11-14 00:12:04','Complete','Scrape completed. Found 0 job listings.','2025-11-14 00:12:03','2025-11-14 00:12:03',146,'rwdorrington@gmail.com'),(143,'Software Engineer','2025-11-14 00:31:12','Complete','Scrape completed. Found 0 job listings.','2025-11-14 00:31:11','2025-11-14 00:31:11',147,'rwdorrington@gmail.com'),(144,'Software Engineer','2025-11-14 00:52:55','Complete','Scrape completed. Found 0 job listings.','2025-11-14 00:52:54','2025-11-14 00:52:54',148,'rwdorrington@gmail.com'),(145,'Software Engineer','2025-11-14 00:58:53','Complete','Scrape completed. Found 0 job listings.','2025-11-14 00:58:53','2025-11-14 00:58:53',149,'rwdorrington@gmail.com'),(146,'Software Engineer','2025-11-14 01:02:01','Complete','Scrape completed. Found 0 job listings.','2025-11-14 01:02:01','2025-11-14 01:02:01',150,'rwdorrington@gmail.com'),(147,'Software Engineer','2025-11-14 01:33:44','Complete','Scrape completed. Found 0 job listings.','2025-11-14 01:33:43','2025-11-14 01:33:43',151,'rwdorrington@gmail.com'),(148,'Software Engineer','2025-11-14 02:13:37','Complete','Scrape completed. Found 1 job listings.','2025-11-14 02:13:36','2025-11-14 02:13:36',152,'rwdorrington@gmail.com'),(149,'Software Engineer','2025-11-14 04:55:23','Complete','Scrape completed. Found 3 job listings.','2025-11-14 04:55:23','2025-11-14 04:55:23',153,'rwdorrington@gmail.com'),(150,'Software Engineer','2025-11-14 05:12:27','Complete','Scrape completed. Found 3 job listings.','2025-11-14 05:12:26','2025-11-14 05:12:26',154,'rwdorrington@gmail.com'),(151,'Software Engineer','2025-11-14 18:44:59','Complete','Scrape completed. Found 4 job listings.','2025-11-14 18:44:59','2025-11-14 18:44:59',155,'rwdorrington@gmail.com'),(152,'Software Engineer','2025-11-14 19:01:56','Complete','Scrape completed. Found 0 job listings.','2025-11-14 19:01:56','2025-11-14 19:01:56',156,'rwdorrington@gmail.com'),(153,'Software Engineer','2025-11-14 19:11:36','Complete','Scrape completed. Found 0 job listings.','2025-11-14 19:11:36','2025-11-14 19:11:36',157,'rwdorrington@gmail.com'),(158,'Software Engineer','2025-11-14 19:39:44','Complete','Scrape completed. Found 0 job listings.','2025-11-14 19:39:44','2025-11-14 19:39:44',162,'rwdorrington@gmail.com'),(159,'Software Engineer','2025-11-14 19:42:27','Complete','Scrape completed. Found 1 job listings.','2025-11-14 19:42:27','2025-11-14 19:42:27',163,'rwdorrington@gmail.com'),(160,'azure cloud','2025-11-14 19:55:08','Complete','Scrape completed. Found 4 job listings.','2025-11-14 19:55:07','2025-11-14 19:55:07',164,'brant.pastore@gmail.com'),(161,'azure cloud','2025-11-14 19:57:09','Complete','Scrape completed. Found 0 job listings.','2025-11-14 19:57:09','2025-11-14 19:57:09',165,'brant.pastore@gmail.com'),(162,'Software Engineer','2025-11-14 19:58:30','Complete','Scrape completed. Found 0 job listings.','2025-11-14 19:58:30','2025-11-14 19:58:30',166,'rwdorrington@gmail.com'),(163,'Software Engineer','2025-11-15 00:28:46','Complete','Scrape completed. Found 0 job listings.','2025-11-15 00:28:45','2025-11-15 00:28:45',167,'rwdorrington@gmail.com'),(164,'Software Engineer','2025-11-15 00:32:05','Complete','Scrape completed. Found 0 job listings.','2025-11-15 00:32:05','2025-11-15 00:32:05',168,'rwdorrington@gmail.com'),(165,'Software Engineer','2025-11-15 00:34:58','Complete','Scrape completed. Found 0 job listings.','2025-11-15 00:34:57','2025-11-15 00:34:57',169,'rwdorrington@gmail.com'),(166,'Software Engineer','2025-11-15 00:38:52','Complete','Scrape completed. Found 0 job listings.','2025-11-15 00:38:51','2025-11-15 00:38:51',170,'rwdorrington@gmail.com'),(167,'Software Engineer','2025-11-15 00:45:06','Complete','Scrape completed. Found 0 job listings.','2025-11-15 00:45:05','2025-11-15 00:45:05',171,'rwdorrington@gmail.com'),(168,'Software Engineer','2025-11-15 00:46:08','Complete','Scrape completed. Found 0 job listings.','2025-11-15 00:46:08','2025-11-15 00:46:08',172,'rwdorrington@gmail.com'),(169,'Software Engineer','2025-11-15 00:52:25','Complete','Scrape completed. Found 0 job listings.','2025-11-15 00:52:24','2025-11-15 00:52:24',173,'rwdorrington@gmail.com'),(170,'Software Engineer','2025-11-15 00:53:37','Complete','Scrape completed. Found 0 job listings.','2025-11-15 00:53:37','2025-11-15 00:53:37',174,'rwdorrington@gmail.com'),(171,'Software Engineer','2025-11-15 00:54:53','Complete','Scrape completed. Found 0 job listings.','2025-11-15 00:54:53','2025-11-15 00:54:53',175,'rwdorrington@gmail.com'),(172,'Software Engineer','2025-11-15 01:00:05','Complete','Scrape completed. Found 0 job listings.','2025-11-15 01:00:04','2025-11-15 01:00:04',176,'rwdorrington@gmail.com'),(173,'Software Engineer','2025-11-15 01:01:07','Complete','Scrape completed. Found 0 job listings.','2025-11-15 01:01:06','2025-11-15 01:01:06',177,'rwdorrington@gmail.com'),(174,'Software Engineer','2025-11-15 01:06:42','Complete','Scrape completed. Found 0 job listings.','2025-11-15 01:06:42','2025-11-15 01:06:42',178,'rwdorrington@gmail.com'),(175,'Software Engineer','2025-11-15 01:07:07','Complete','Scrape completed. Found 0 job listings.','2025-11-15 01:07:06','2025-11-15 01:07:06',179,'rwdorrington@gmail.com'),(176,'Software Engineer','2025-11-15 01:09:35','Complete','Scrape completed. Found 0 job listings.','2025-11-15 01:09:34','2025-11-15 01:09:34',180,'rwdorrington@gmail.com'),(177,'Software Engineer','2025-11-15 01:10:38','Complete','Scrape completed. Found 0 job listings.','2025-11-15 01:10:37','2025-11-15 01:10:37',181,'rwdorrington@gmail.com'),(178,'Software Engineer','2025-11-15 01:21:25','Complete','Scrape completed. Found 0 job listings.','2025-11-15 01:21:24','2025-11-15 01:21:24',182,'rwdorrington@gmail.com'),(179,'Software Engineer','2025-11-15 01:25:51','Complete','Scrape completed. Found 0 job listings.','2025-11-15 01:25:50','2025-11-15 01:25:50',183,'rwdorrington@gmail.com'),(180,'software developer','2025-11-15 02:24:19','Complete','Scrape completed. Found 0 job listings.','2025-11-15 02:24:19','2025-11-15 02:24:19',184,'rwdorrington@gmail.com');
/*!40000 ALTER TABLE `scrape_sessions` ENABLE KEYS */;
UNLOCK TABLES;

--
-- Table structure for table `users`
--

DROP TABLE IF EXISTS `users`;
/*!40101 SET @saved_cs_client     = @@character_set_client */;
/*!50503 SET character_set_client = utf8mb4 */;
CREATE TABLE `users` (
  `user_id` int NOT NULL AUTO_INCREMENT,
  `email` varchar(255) NOT NULL,
  `password_hash` varchar(255) NOT NULL,
  `created_at` datetime NOT NULL DEFAULT (now()),
  `updated_at` datetime NOT NULL DEFAULT (now()),
  `resume_name` varchar(255) DEFAULT NULL,
  `resume_path` varchar(512) DEFAULT NULL,
  PRIMARY KEY (`user_id`),
  UNIQUE KEY `ix_users_email` (`email`)
) ENGINE=InnoDB AUTO_INCREMENT=4 DEFAULT CHARSET=utf8mb4 COLLATE=utf8mb4_0900_ai_ci;
/*!40101 SET character_set_client = @saved_cs_client */;

--
-- Dumping data for table `users`
--

LOCK TABLES `users` WRITE;
/*!40000 ALTER TABLE `users` DISABLE KEYS */;
INSERT INTO `users` VALUES (1,'rwdorrington@gmail.com','scrypt:32768:8:1$rUtop0dIGiHeEIvm$e69ed23824285fbae1b79fd31f3b986528190480b5c97c1ba83bcb5256d5f65a1554a11d0977888c88b5dab9f1873a7a8280450e93581c065574b8ac65f6e6bd','2025-11-05 23:19:48','2025-11-12 20:05:10','Riley_Dorrington_Resume_2025_rev.pdf','uploads/Riley_Dorrington_Resume_2025_rev.pdf'),(2,'scraperbot448@gmail.com','scrypt:32768:8:1$KMVbJuhZRqIjGQcV$303c62909e745e7458f2ab46cfcfcc4cc463e03d0684436a93db6e3686f178e3f73fc11d5814f3aac5cb59d7271e0084f7ae28aa91d0a039112c352cbacbc01f','2025-11-12 02:03:39','2025-11-12 02:04:00','Riley_Dorrington_Resume_2025.pdf','uploads/Riley_Dorrington_Resume_2025.pdf'),(3,'brant.pastore@gmail.com','scrypt:32768:8:1$yQHKpuDLQJJedSFR$474c176de2dc7e232752842cd21d23d72cb71d9488d803c808ac35db68c635395528173ce25748f6cac336132769345a11db15da07349ed520ffef97265c3d9e','2025-11-14 19:45:24','2025-11-14 19:45:24',NULL,NULL);
/*!40000 ALTER TABLE `users` ENABLE KEYS */;
UNLOCK TABLES;
/*!40103 SET TIME_ZONE=@OLD_TIME_ZONE */;

/*!40101 SET SQL_MODE=@OLD_SQL_MODE */;
/*!40014 SET FOREIGN_KEY_CHECKS=@OLD_FOREIGN_KEY_CHECKS */;
/*!40014 SET UNIQUE_CHECKS=@OLD_UNIQUE_CHECKS */;
/*!40101 SET CHARACTER_SET_CLIENT=@OLD_CHARACTER_SET_CLIENT */;
/*!40101 SET CHARACTER_SET_RESULTS=@OLD_CHARACTER_SET_RESULTS */;
/*!40101 SET COLLATION_CONNECTION=@OLD_COLLATION_CONNECTION */;
/*!40111 SET SQL_NOTES=@OLD_SQL_NOTES */;

-- Dump completed on 2025-11-15  2:31:30
